,Unnamed: 0,Title,Country,Subgenre,Genre
0,3,Dr. No,"United Kingdom
United States",[3],Action
1,4,Shinobi no Mono,Japan,Martial arts film[4],Action
2,6,From Russia with Love,"United Kingdom
United States",[5],Action
3,8,Goldfinger,"United Kingdom
United States",[6],Action
4,9,Greed in the Sun,"France
Italy",Action comedy[7],Action
5,10,That Man from Rio,"France
Italy",Action comedy[8],Action
6,12,Agent 3S3: Passport to Hell,"France
Italy",[9],Action
7,13,"Faster, Pussycat! Kill! Kill!",United States,Action comedy[10],Action
8,14,Masquerade,United Kingdom,Action comedy[11],Action
9,15,Red Line 7000,United States,[12],Action
10,16,The 10th Victim,"Italy
France",Science fiction action[13],Action
11,17,Thunderball,"United Kingdom
United States",Action thriller[14],Action
12,19,Come Drink with Me,Hong Kong,Martial arts film[15],Action
13,20,Lightning Bolt,"Italy
Spain",[16],Action
14,21,Murderers' Row,United States,[17],Action
15,22,Ōgon Bat,Japan,Superhero film[18],Action
16,23,Our Man Flint,United States,[19],Action
17,24,Password: Kill Agent Gordon,"United States
Spain
Italy",[20],Action
18,25,Sabotage,Philippines,[21],Action
19,26,The Silencers,United States,[22],Action
20,27,The Wild Angels,United States,Action thriller[23],Action
21,29,A Game without Rules,Czechoslovakia,[24],Action
22,30,The Elusive Avengers,Soviet Union,[25],Action
23,31,Hells Angels on Wheels,United States,Action thriller[26],Action
24,32,In Like Flint,United States,Action comedy[27],Action
25,33,One Armed Swordsman,Hong Kong,Martial arts films[28],Action
26,34,The Ambushers,United States,[29],Action
27,35,The Born Losers,United States,Action thriller[30],Action
28,36,You Only Live Twice,"United Kingdom
United States",[31],Action
29,38,Bullitt,United States,Action thriller[32],Action
30,39,Coogan's Bluff,United States,Action thriller[33],Action
31,40,Danger: Diabolik,"Italy
France",[34],Action
32,41,Ice Station Zebra,United States,Action thriller[35],Action
33,42,OSS 117 – Double Agent,France,Action thriller[36],Action
34,43,The Mini-Skirt Mob,United States,Action thriller[37],Action
35,44,The Wrecking Crew,United States,[38],Action
36,46,Hell's Angels '69,United States,Action thriller[39],Action
37,47,On Her Majesty's Secret Service,"United Kingdom
United States",[40],Action
38,48,Shark!,"Mexico
United States",Action thriller[41],Action
39,303,A Taste of Cold Steel,Hong Kong,Martial arts film[citation needed],Action
40,304,Airport,United States,[1],Action
41,305,Alleycat Rock: Female Boss,Japan,Action thriller[2],Action
42,306,Brothers Five,Hong Kong,Martial arts film[3],Action
43,307,Cold Blade,Hong Kong,[citation needed],Action
44,308,Cold Sweat,"France
Italy",Action thriller[4],Action
45,309,Cotton Comes to Harlem,United States,Action comedy[5],Action
46,310,King Eagle,Hong Kong,Martial arts film,Action
47,311,The Chinese Boxer,Hong Kong,Martial arts film,Action
48,312,The Heroic Ones,Hong Kong,Martial arts film,Action
49,313,Nam's Angels,United States,[6],Action
50,314,The Wandering Swordsman,Hong Kong,Martial arts film,Action
51,317,Blood of the Dragon,Hong Kong,Martial arts film[7],Action
52,318,Diamonds Are Forever,United Kingdom,[8],Action
53,319,Dirty Harry,United States,Action thriller[9],Action
54,320,Duel of Fists,Hong Kong,Martial arts film[10],Action
55,321,Le Mans,United States,[11],Action
56,322,Shaft,United States,[12],Action
57,323,Sweet Sweetback's Baadasssss Song,United States,Action thriller[13],Action
58,324,The Ammunition Hunters,Hong Kong,[citation needed],Action
59,325,The Anonymous Heroes,Hong Kong,Action comedy[14],Action
60,326,The Big Boss,Hong Kong,Martial arts film[15],Action
61,327,The Deadly Duo,Hong Kong,Martial arts film,Action
62,328,The French Connection,United States,Action thriller[16],Action
63,330,The New One-Armed Swordsman,Hong Kong,Martial arts film,Action
64,331,The Omega Man,United States,Science fiction action[17],Action
65,332,The Shadow Whip,Hong Kong,Martial arts film,Action
66,334,THX 1138,United States,Science fiction action[18],Action
67,335,Vanishing Point,United States,Action thriller[19],Action
68,337,Angry Guest,Hong Kong,Martial arts film,Action
69,338,Boxer From Shantung,Hong Kong,Martial arts film[20],Action
70,339,Delightful Forest,Hong Kong,Martial arts film,Action
71,340,Female Convict Scorpion: Jailhouse 41,Japan,Action thriller[21],Action
72,341,Fist of Fury,Hong Kong,Martial arts film,Action
73,342,Five Fingers of Death,Hong Kong,Martial arts film[22],Action
74,343,Four Riders,Hong Kong,Martial arts film,Action
75,344,Fuzz,United States,Action comedy[23],Action
76,346,One Armed Boxer,China,Martial arts film[24],Action
77,347,Shaft's Big Score,United States,[25],Action
78,348,Slaughter,United States,Action thriller[26],Action
79,349,The 14 Amazons,Hong Kong,[citation needed],Action
80,350,The Getaway,United States,Action thriller[27],Action
81,351,The Legend of Nigger Charley,United States,[28],Action
82,352,The Outside Man,"France
Italy",Action thriller[29],Action
83,353,The Poseidon Adventure,United States,[30],Action
84,354,Way of the Dragon,Hong Kong,Martial arts film[31],Action
85,356,Charley Varrick,United States,Action thriller[32],Action
86,357,Cleopatra Jones,United States,[33],Action
87,358,Coffy,United States,[34],Action
88,359,Detroit 9000,United States,Action thriller[35],Action
89,360,Electra Glide in Blue,United States,[36],Action
90,361,Enter the Dragon,United States,Martial arts film[37],Action
91,362,Hell Up in Harlem,United States,Action thriller[38],Action
92,363,Hit!,United States,[39],Action
93,364,Le Magnifique,"France
Italy",[40],Action
94,365,Milano Rovente,Italy,Action thriller[41],Action
95,366,Japan Sinks,Japan,[42],Action
96,367,Live and Let Die,United Kingdom,Action thriller[43],Action
97,368,Magnum Force,United States,Action thriller[44],Action
98,369,Savage!,Mexico,[45],Action
99,370,Shaft in Africa,United States,Action thriller[46],Action
100,371,Slaughter's Big Rip-Off,United States,Action thriller[47],Action
101,372,That Man Bolt,United States,Martial arts film[48],Action
102,373,The Black Six,United States,[49],Action
103,375,The Crazies,United States,Action thriller[50],Action
104,376,The Flash Legs,Hong Kong,Martial arts film,Action
105,377,The Mackintosh Man,United Kingdom,Action thriller[51],Action
106,378,The No Mercy Man,United States,Action thriller[52],Action
107,380,The Spook Who Sat By the Door,United States,[53],Action
108,381,The Stone Killer,United States,[54],Action
109,382,Westworld,United States,Science fiction action[55],Action
110,383,White Lightning,United States,Action thriller[56],Action
111,385,99 and 44/100% Dead,United States,[57],Action
112,386,Airport 1975,United States,Disaster film[58],Action
113,387,Bamboo Gods and Iron Men,Philippines,Martial arts film[59],Action
114,388,Black Belt Jones,United States,Martial arts film[60],Action
115,389,Bring Me the Head of Alfredo Garcia,United States,Action thriller[61],Action
116,390,Busting,United States,[62],Action
117,391,Captain Kronos - Vampire Hunter,United States,[63],Action
118,392,"Dirty Mary, Crazy Larry",United States,[64],Action
119,393,Earthquake,United States,Disaster film[65],Action
120,394,Emergency Squad,Italy,Action thriller[66],Action
121,395,Executioner 2: The Karate Inferno,Japan,"Action comedy, martial arts film[67]",Action
122,396,Five Shaolin Masters,Hong Kong,Martial arts film,Action
123,397,Freebie and the Bean,United States,Action comedy[68],Action
124,398,Gone in 60 Seconds,United States,Action thriller[69],Action
125,399,Heroes Two,Hong Kong,Martial arts film,Action
126,400,Juggernaut,United Kingdom,Action thriller[70],Action
127,401,Mr. Majestyk,United States,Action thriller[71],Action
128,402,Policewomen,United States,[72],Action
129,403,Sister Street Fighter,Japan,[73],Action
130,404,Stone,Australia,[74],Action
131,405,The Black Godfather,United States,[75],Action
132,406,The Man with the Golden Gun,United Kingdom,Action thriller[76],Action
133,407,The Executioner,Japan,Martial arts film[77],Action
134,408,The Savage Five,Hong Kong,Martial arts film,Action
135,409,The Stranger and the Gunfighter,"Italy
Spain
France
Hong Kong",Martial arts film[78],Action
136,410,Street Law,Italy,Action thriller[79],Action
137,411,The Street Fighter,Japan,Martial arts film[80],Action
138,412,The Super Cops,United States,[81],Action
139,413,The Taking of Pelham One Two Three,United States,Action thriller[82],Action
140,414,The Towering Inferno,United States,[83],Action
141,415,TNT Jackson,United States,Action thriller[84],Action
142,416,Truck Turner,United States,Action thriller[85],Action
143,419,Boss Nigger,United States,Action thriller[86],Action
144,420,Brannigan,United Kingdom,Action thriller[87],Action
145,421,Breakout,United States,Action thriller[88],Action
146,422,Bucktown,United States,[89],Action
147,423,Champion of Death,Japan,Martial arts film[90],Action
148,424,Cleopatra Jones and the Casino of Gold,"Hong Kong
United States",[91],Action
149,425,Cover Girl Models,"United States
Philippines",[92],Action
150,426,Death Race 2000,United States,Science fiction action[93],Action
151,427,Disciples of Shaolin,Hong Kong,Martial arts film,Action
152,428,Dolemite,United States,Action comedy[94],Action
153,429,Fear Over the City,"France
Italy",Action thriller[95],Action
154,430,French Connection II,United States,Action thriller[96],Action
155,431,Hard Times,United States,[97],Action
156,432,L'Agression,"France
Italy",Action thriller[98],Action
157,433,Race with the Devil,United States,[99],Action
158,434,Rollerball,United States,Science fiction action[100],Action
159,435,"Sheba, Baby",United States,[101],Action
160,436,Syndicate Sadists,Italy,[102],Action
161,437,The Black Gestapo,United States,Action thriller[103],Action
162,438,The Candy Tangerine Man,United States,Blaxploitation[104],Action
163,439,The Eiger Sanction,United States,Action thriller[105],Action
164,440,The Killing Machine,Japan,[106],Action
165,441,The Man from Hong Kong,"Australia
Hong Kong",[107],Action
166,442,The Return of the Street Fighter,Japan,[108],Action
167,443,The Super Inframan,"Hong Kong
Japan",Martial arts film[109],Action
168,444,White Line Fever,"Canada
United States",[110],Action
169,445,Wildcat Women,United States,[111],Action
170,447,7-Man Army,Hong Kong,Martial arts film[112],Action
171,448,Assault on Precinct 13,United States,Action thriller[113],Action
172,449,Black Samurai,United States,Martial arts film[114],Action
173,450,Black Shampoo,United States,Action thriller[115],Action
174,451,Black Sister's Revenge,United States,[116],Action
175,453,Brotherhood of Death,United States,Action thriller[117],Action
176,454,Bruce Lee Fights Back from the Grave,South Korea,Martial arts film[118][failed verification],Action
177,455,Cannonball,"Hong Kong
United States",[119],Action
178,456,Colt 38 Special Squad,Italy,Action thriller[120],Action
179,457,Deathcheaters,Australia,[121],Action
180,458,"Ebony, Ivory, and Jade",United States,[122],Action
181,459,Gator,United States,Action thriller[123],Action
182,460,Hand of Death,Hong Kong,Martial arts film,Action
183,461,Hot Potato,United States,Martial arts film[124],Action
184,462,Killer Clans,Hong Kong,Martial arts film,Action
185,463,Logan's Run,United States,Science fiction action[125],Action
186,464,Master of the Flying Guillotine,Hong Kong,Martial arts films[126],Action
187,466,Shaolin Wooden Men,Hong Kong,Martial arts film[127],Action
188,467,Strange Shadows in an Empty Room,"Italy
Canada",[128],Action
189,468,The Big Racket,Italy,[129],Action
190,469,The Enforcer,United States,Action thriller[130],Action
191,470,The Human Tornado,United States,"Action comedy, martial arts film[131]",Action
192,471,The New Shaolin Boxers,Hong Kong,Martial arts film,Action
193,472,The Next Man,United States,Action thriller[132],Action
194,473,The Shaolin Avengers,Hong Kong,Martial arts film,Action
195,474,Web of Death,Hong Kong,Martial arts film,Action
196,476,Airport '77,United States,Action thriller[133],Action
197,477,Bare Knuckles,United States,Martial arts film[134],Action
198,478,Breaker! Breaker!,United States,[135],Action
199,479,Black Sunday,United States,Action thriller[136],Action
200,480,Chinatown Kid,Hong Kong,Martial arts Film,Action
201,481,Chinese Connection 2,Hong Kong,[137],Action
202,482,Double Nickels,United States,Action thriller[138],Action
203,483,Golgo 13: Assignment Kowloon,Japan,"Action thriller, Martial arts film[139]",Action
204,484,Grand Theft Auto,United States,Action comedy[140],Action
205,485,High Rolling in a Hot Corvette,Australia,Action comedy[141],Action
206,486,Karate Bear Fighter,Japan,Martial arts film[142],Action
207,487,Karate for Life,Japan,Martial arts film[143],Action
208,488,L'Animal,France,Action comedy[144],Action
209,489,Operation Thunderbolt,Israel,Action thriller[145],Action
210,490,Return of the Chinese Boxer,Hong Kong,Martial arts film,Action
211,491,Rollercoaster,United States,Action thriller[146],Action
212,492,Rolling Thunder,United States,Action thriller[147],Action
213,493,Smokey and the Bandit,United States,Action comedy[148],Action
214,494,Star Wars,United States,Science fiction action[149],Action
215,495,Telefon,United States,Action thriller[150],Action
216,496,The Brave Archer,Hong Kong,Martial arts film,Action
217,497,The Clones of Bruce Lee,"South Korea
Hong Kong",Martial arts film[151],Action
218,498,The Doberman Cop,Japan,"Action thriller, Martial arts film[152]",Action
219,499,The Gauntlet,United States,Action thriller[153],Action
220,500,The Heroin Busters,Italy,Action thriller[154],Action
221,501,The Naval Commandos,"Hong Kong
Taiwan",,Action
222,502,The Spy Who Loved Me,United Kingdom,Action thriller[155],Action
223,503,To Kill with Intrigue,Hong Kong,Martial arts film[156],Action
224,505,7 Grandmasters,Hong Kong,[157],Action
225,506,Crippled Avengers,Hong Kong,Martial arts film,Action
226,507,Deathsport,United States,Science fiction action[158],Action
227,508,"Dirty Tiger, Crazy Frog",Hong Kong,Martial arts film[159],Action
228,509,Drunken Master,Hong Kong,"Martial arts film, action comedy[160]",Action
229,510,Enter the Fat Dragon,Hong Kong,"Martial arts film, action comedy[161]",Action
230,511,Every Which Way but Loose,United States,[162],Action
231,512,Five Deadly Venoms,Hong Kong,Martial arts Film,Action
232,513,Game of Death,"Hong Kong
United States","Action thriller, martial arts film[163]",Action
233,514,Good Guys Wear Black,United States,Action thriller[164],Action
234,515,High-Ballin',"Canada
United States",[165],Action
235,516,Hooper,United States,Action comedy[166],Action
236,517,Invincible Shaolin,Hong Kong,Martial arts film,Action
237,518,Shogun's Samurai,Japan,"Jidaigeki, martial arts film[167]",Action
238,519,Snake in the Eagle's Shadow,Hong Kong,Martial arts film[168],Action
239,520,Snake & Crane Arts of Shaolin,Hong Kong,,Action
240,521,Soul of the Sword,Hong Kong,Martial arts film,Action
241,522,Stunt Rock,Australia,Action thriller[169],Action
242,523,Superman,United States,Superhero film[170],Action
243,524,The 36th Chamber of Shaolin,Hong Kong,Martial arts film[171],Action
244,525,The Brave Archer 2,Hong Kong,Martial arts Film,Action
245,526,The Inglorious Bastards,Italy,Action thriller[172],Action
246,527,Warriors Two,Hong Kong,Martial arts film[173],Action
247,529,1941,United States,Action comedy[174],Action
248,530,A Force of One,United States,"Action thriller, martial arts film[175]",Action
249,531,Angels Revenge,United States,[176],Action
250,532,Beyond the Poseidon Adventure,United States,[177],Action
251,533,City on Fire,Canada,[178],Action
252,534,Concorde Affaire '79,Italy,Action thriller[179],Action
253,535,Dance of the Drunk Mantis,Hong Kong,"Action comedy, martial arts film[180]",Action
254,536,Day of the Assassin,Mexico,[181],Action
255,537,Disco Godfather,United States,Martial arts film[182],Action
256,538,Dragon Fist,Hong Kong,Martial arts film,Action
257,539,Escape from Alcatraz,United States,[183],Action
258,540,Kid with the Golden Arm,Hong Kong,Martial arts film,Action
259,541,Kung-Fu Commandos,Taiwan,Martial arts film,Action
260,542,Last Hurrah for Chivalry,Hong Kong,Martial arts film[184],Action
261,543,Mad Max,Australia,Science fiction action[185],Action
262,544,Mad Monkey Kung Fu,Hong Kong,Martial arts Film,Action
263,545,Magnificent Butcher,Hong Kong,Martial arts film[186],Action
264,546,Magnificent Ruffians,Hong Kong,Martial arts film,Action
265,547,Moonraker,"United Kingdom
France",[187],Action
266,548,Shaolin Daredevils,Hong Kong,Martial arts film,Action
267,549,Shaolin Rescuers,Hong Kong,,Action
268,550,The Concorde ... Airport '79,United States,Action thriller[188],Action
269,551,The Street Fighter's Last Revenge,Japan,[189],Action
270,552,Supersonic Man,Spain,Superhero film[190],Action
271,553,The Warriors,United States,Action thriller[191],Action
272,554,Ten Tigers from Kwangtung,Hong Kong,,Action
273,603,2 Champions of Shaolin,Hong Kong,Martial arts film,Action
274,604,Any Which Way You Can,United States,Action comedy[1],Action
275,605,Clan of the White Lotus,Hong Kong,[2][3],Action
276,606,Delitto a Porta Romana,Italy,Action thriller[4],Action
277,607,Encounters of the Spooky Kind,Hong Kong,Martial arts film[5][6],Action
278,608,Flag of Iron,Hong Kong,[7],Action
279,609,Flash Gordon,"United States
United Kingdom",Science fiction action[8],Action
280,610,Le Guignolo,"France
Italy",Action comedy[9],Action
281,611,Return to the 36th Chamber,Hong Kong,[10],Action
282,612,Smokey and the Bandit II,United States,Action comedy[11],Action
283,613,Superman II,"United Kingdom
United States",Superhero film[12],Action
284,614,The Big Brawl,United States,[13],Action
285,615,The Blues Brothers,United States,Action comedy[14],Action
286,616,The Eagle and the Falcon,Philippines,[15],Action
287,617,The Empire Strikes Back,United States,Science fiction action[16],Action
288,618,The Exterminator,United States,[17],Action
289,619,The Hunter,United States,Action thriller[18],Action
290,620,The Master,Hong Kong,[19],Action
291,621,The Octagon,United States,[20],Action
292,622,The Rebel Intruders,Hong Kong,[21],Action
293,623,The Sword,Hong Kong,Martial arts film[22],Action
294,625,The Young Master,Hong Kong,[23],Action
295,626,Trois Hommes à Abattre,France,Action thriller[24],Action
296,628,An Eye for an Eye,United States,Martial arts film[25],Action
297,629,Condorman,United States,"Superhero film, action thriller[26]",Action
298,630,Deadly Brothers,Philippines,Action thriller[27],Action
299,631,Enter the Ninja,United States,[28],Action
300,632,Escape from New York,United States,Science fiction action[29],Action
301,633,For Your Eyes Only,United Kingdom,Action Thriller[30],Action
302,634,Force: Five,United States,Martial arts film,Action
303,635,Game of Death II,Hong Kong,[31],Action
304,636,Kill and Kill Again,"South Africa
United States",Martial arts film,Action
305,637,Knightriders,United States,[32],Action
306,638,Le Professionnel,France,Action thriller[33],Action
307,639,Lion vs. Lion,Hong Kong,Martial arts film,Action
308,640,Lovely But Deadly,United States,Martial arts film[34],Action
309,641,Mad Max 2,Australia,[35],Action
310,642,Masked Avengers,Hong Kong,Martial arts film[36],Action
311,643,My Young Auntie,Hong Kong,"Action comedy, martial arts film[37]",Action
312,644,Nighthawks,United States,Action thriller[38],Action
313,645,Outland,United States,Science fiction action[39],Action
314,646,Raiders of the Lost Ark,United States,[40],Action
315,647,Sharky's Machine,United States,Action thriller[41],Action
316,648,Southern Comfort,United States,Action thriller[42],Action
317,649,The Cannonball Run,United States,Action comedy[43],Action
318,650,The Emperor and His Brother,Hong Kong,Martial arts film,Action
319,651,The Prodigal Son,Hong Kong,Martial arts film[44],Action
320,653,1990: The Bronx Warriors,Italy,Science fiction action[45],Action
321,654,48 Hrs.,United States,Action comedy[46],Action
322,655,Anno 2020 - I gladiatori del futuro,Italy,Science fiction action[47],Action
323,656,Burst City,Japan,[48],Action
324,657,Carry On Pickpocket,Hong Kong,[49],Action
325,658,Class of 1984,Canada,Action thriller[50],Action
326,659,Conan the Barbarian,United States,[51],Action
327,660,Death Wish 2,United States,Action thriller[52],Action
328,661,Dragon Lord,Hong Kong,[53],Action
329,662,Firefox,United States,[54],Action
330,663,First Blood,United States,Action thriller[55],Action
331,664,Five Element Ninjas,Hong Kong,[56],Action
332,665,Forced Vengeance,United States,"Action thriller, martial arts film[57]",Action
333,666,Get My Son Dead or Alive,Philippines,Action thriller[58],Action
334,667,Human Lanterns,Hong Kong,[59],Action
335,668,Ninja in the Dragon's Den,Hong Kong,Martial arts Film,Action
336,669,One Down Two to Go,United States,[60],Action
337,670,Running on Empty,Australia,[61],Action
338,671,Shaolin Temple,Hong Kong,Martial arts film[62],Action
339,672,Silent Rage,United States,,Action
340,673,The Challenge,United States,Martial arts film[63],Action
341,674,The Dead and the Deadly,Hong Kong,"Action comedy, martial arts film[64]",Action
342,675,The Junkman,United States,Action comedy[65],Action
343,676,Legendary Weapons of China,Hong Kong,[66],Action
344,677,The Soldier,United States,[67],Action
345,678,Tron,United States,Science fiction action[68],Action
346,679,Turkey Shoot,Australia,Action thriller[69],Action
347,680,Warlords of the 21st Century,United States,[70],Action
348,682,10 to Midnight,United States,Action thriller[71],Action
349,683,"2019, After the Fall of New York","Italy
France",Science fiction action[72],Action
350,684,Bastard Swordsman,Hong Kong,[73],Action
351,685,Blue Thunder,United States,[74],Action
352,686,Duel to the Death,Hong Kong,Martial arts film,Action
353,687,Endgame,Italy,Science fiction action[75],Action
354,688,Escape from the Bronx,Italy,[76],Action
355,689,Exterminators of the Year 3000,"Italy
Spain
United States",[77],Action
356,690,Fearless Hyena Part II,Hong Kong,[78],Action
357,691,Go for It,Italy,[79],Action
358,692,Golgo 13: The Professional,Japan,[80],Action
359,693,Holy Flame of the Martial World,Hong Kong,[81],Action
360,694,Le Marginal,France,Action thriller[82],Action
361,695,Lone Wolf McQuade,United States,[83],Action
362,696,Never Say Never Again,United States,[84],Action
363,697,Octopussy,United Kingdom,Action thriller[85],Action
364,698,Project A,Hong Kong,Martial arts film[86],Action
365,699,Return of the Jedi,United States,Science fiction action[87],Action
366,700,Revenge of the Ninja,United States,[88],Action
367,701,Scarface,United States,Crime action[89],Action
368,702,Shaolin Drunkard,Hong Kong,[90],Action
369,703,Smokey and the Bandit 3,United States,[91],Action
370,704,Stroker Ace,United States,[92],Action
371,705,Sudden Impact,United States,Action thriller[93],Action
372,706,Superman III,United States,Superhero film[94],Action
373,707,The Boxer's Omen,Hong Kong,[95],Action
374,708,The Eight Diagram Pole Fighter,Hong Kong,[96],Action
375,709,The New Barbarians,Italy,Science fiction action[97],Action
376,710,Uncommon Valor,United States,[98],Action
377,711,Vigilante,United States,Action thriller[99],Action
378,712,Zu Warriors from the Magic Mountain,Hong Kong,[100],Action
379,714,A Breed Apart,United States,[101],Action
380,715,Alley Cat,United States,[102],Action
381,716,Beverly Hills Cop,United States,Action comedy[103],Action
382,717,Blastfighter,"Italy
France",Action thriller[104],Action
383,718,Cannonball Run II,United States,Action comedy[105],Action
384,719,City Heat,United States,[106],Action
385,720,Code Name: Wild Geese,"Italy
West Germany",[107],Action
386,721,Conan the Destroyer,United States,[108],Action
387,722,Firestarter,United States,Action thriller[109],Action
388,723,Indiana Jones and the Temple of Doom,United States,[110],Action
389,724,Kids From Shaolin,Hong Kong,[111],Action
390,725,Missing in Action,United States,Action thriller[112],Action
391,726,Ninja III: The Domination,United States,[113],Action
392,727,Raiders of the Shaolin Temple,Taiwan,[114],Action
393,728,Revenge of the Drunken Master,Hong Kong,[115],Action
394,729,Roadhouse 66,United States,[116],Action
395,730,Runaway,United States,Science fiction action[117],Action
396,731,Sheena,United States,[118],Action
397,732,Streets of Fire,United States,[119],Action
398,733,The Adventures of Buckaroo Banzai Across the 8th Dimension,United States,Action comedy[120],Action
399,734,The Exterminator 2,United States,Action thriller[121],Action
400,735,The Final Executioner,Italy,[122],Action
401,736,The Ninja Mission,"Sweden
United Kingdom",[123],Action
402,737,The Terminator,United States,[124],Action
403,738,The Toxic Avenger,United States,Action comedy[125],Action
404,739,Toy Soldiers,United States,[126],Action
405,740,Wheels on Meals,Hong Kong,"Action comedy, martial arts film[127]",Action
406,742,A View to a Kill,United Kingdom,[128],Action
407,743,American Ninja,United States,[129],Action
408,744,Black Moon Rising,United States,[130],Action
409,745,Code of Silence,United States,[131],Action
410,746,Commando,United States,[132],Action
411,747,Death Wish 3,United States,[133],Action
412,748,Disciples of the 36th Chamber,Hong Kong,[134],Action
413,749,Gymkata,United States,Martial arts film[135],Action
414,750,Heart of Dragon,Hong Kong,[136],Action
415,751,Invasion U.S.A.,United States,[137],Action
416,752,King Solomon's Mines,United States,[138],Action
417,753,Les Spécialistes,France,Action comedy[139],Action
418,754,Light Blast,Italy,[140],Action
419,755,Mad Max Beyond Thunderdome,Australia,[141],Action
420,756,Malibu Express,United States,[142],Action
421,757,Missing in Action 2: The Beginning,United States,[143],Action
422,758,Mr. Vampire,Hong Kong,[144],Action
423,759,My Lucky Stars,Hong Kong,[145],Action
424,760,Ninja Terminator,United States,[146],Action
425,761,Parole de flic,France,[147],Action
426,762,Partida,Philippines,Action thriller[148],Action
427,763,Police Story,Hong Kong,[149],Action
428,764,Pray for Death,United States,Martial arts film,Action
429,765,Rambo: First Blood Part II,United States,[150],Action
430,766,Red Sonja,United States,[151],Action
431,767,Remo Williams: The Adventure Begins,United States,[152],Action
432,768,Runaway Train,United States,[153],Action
433,769,Spies Like Us,United States,[154],Action
434,770,Target,United States,Action thriller[155],Action
435,771,The Last Dragon,United States,[156],Action
436,772,The Protector,"Hong Kong
United States",[157],Action
437,773,To Live and Die in L.A.,United States,Action thriller[158],Action
438,774,Trancers,United States,Science fiction action[159],Action
439,775,"Twinkle, Twinkle, Lucky Stars",Hong Kong,[160],Action
440,776,Wild Geese II,United Kingdom,[161],Action
441,777,Year of the Dragon,United States,Action thriller[162],Action
442,778,"Yes, Madam!",Hong Kong,Martial arts film[163],Action
443,780,A Better Tomorrow,Hong Kong,Action thriller[164],Action
444,781,Aliens,United States,Science fiction action[165],Action
445,782,Allan Quatermain and the Lost City of Gold,United States,[166],Action
446,783,Armed Response,United States,[167],Action
447,784,Armour of God,Hong Kong,Martial arts film[168],Action
448,786,Big Trouble in Little China,United States,[169],Action
449,787,Bleu Comme L'Enfer,France,Action thriller[170],Action
450,788,Born American,"Finland
United States",[171],Action
451,789,Born to Defence,Hong Kong,Martial arts film,Action
452,790,Clash of the Ninjas,Hong Kong,[172],Action
453,791,Cobra,United States,[173],Action
454,792,Eliminators,United States,Science fiction action[174],Action
455,793,F/X,United States,[175],Action
456,794,Fair Game,Australia,[176],Action
457,795,Firewalker,United States,[177],Action
458,796,Heroes Shed No Tears,Hong Kong,[178],Action
459,797,Highlander,"United States, United Kingdom",,Action
460,798,Iron Eagle,United States,[179],Action
461,799,"It's Night Time, Commander",Philippines,[citation needed],Action
462,800,Jumpin' Jack Flash,United States,Action comedy[180],Action
463,801,Legacy of Rage,Hong Kong,,Action
464,802,Magnum Muslim. 357,Philippines,[181],Action
465,803,Martial Arts of Shaolin,"Hong Kong
China",Martial arts film,Action
466,804,Maximum Overdrive,United States,Science fiction action[182],Action
467,805,Millionaire's Express,Hong Kong,[183],Action
468,806,Murphy's Law,United States,Action thriller[184],Action
469,807,"No Retreat, No Surrender","United States
Hong Kong",[185],Action
470,808,Raw Deal,United States,[186],Action
471,809,Righting Wrongs,Hong Kong,[187],Action
472,810,Royal Warriors,Hong Kong,,Action
473,812,The Delta Force,United States,[188],Action
474,813,The Golden Child,United States,[189],Action
475,814,The Seventh Curse,Hong Kong,Martial arts film[190],Action
476,815,Vendetta dal futuro,Italy,Science fiction action[191],Action
477,816,The Wraith,United States,[192],Action
478,818,A Better Tomorrow II,Hong Kong,[193][194],Action
479,819,A Chinese Ghost Story,Hong Kong,Martial arts film[195],Action
480,820,American Ninja 2: The Confrontation,United States,Martial arts film[196],Action
481,822,Banzai Runner,United States,[197],Action
482,823,Beverly Hills Cop II,United States,Action comedy[198],Action
483,824,Black Cobra,Italy,Action thriller[199],Action
484,825,Cherry 2000,United States,[200],Action
485,826,Death Before Dishonor,United States,[201],Action
486,827,Death Wish 4: The Crackdown,United States,Action thriller [202],Action
487,828,Eastern Condors,Hong Kong,[203],Action
488,829,Extreme Prejudice,United States,Action thriller[204],Action
489,830,Fatal Beauty,United States,Action thriller[205],Action
490,831,Hard Ticket to Hawaii,United States,Action thriller[206],Action
491,832,Le Solitaire,France,[207],Action
492,833,Lethal Weapon,United States,Action thriller[208],Action
493,834,Magnificent Warriors,Hong Kong,[209],Action
494,835,Masters of the Universe,United States,[210],Action
495,836,Miami Connection,United States,Martial arts film[211],Action
496,837,"No Retreat, No Surrender 2","Hong Kong
United States",,Action
497,838,Predator,United States,Science fiction action[212],Action
498,839,Prison on Fire,"China
Hong Kong",Action thriller[213],Action
499,840,Project A II,Hong Kong,"Action comedy, martial arts[214]",Action
500,841,Rage of Honor,"United States
Argentina",Martial arts film,Action
501,842,RoboCop,United States,Science fiction action[215],Action
502,843,Rolling Vengeance,Canada,Action thriller[216],Action
503,844,Superman IV: The Quest for Peace,United States,Superhero film[217],Action
504,845,Surf Nazis Must Die,United States,[218],Action
505,846,Target: Sparrow Unit,Philippines,[219],Action
506,847,The Living Daylights,United Kingdom,[220],Action
507,848,The Running Man,United States,Science fiction action[221],Action
508,849,Thou Shalt Not Kill... Except,United States,Action thriller[222],Action
509,851,Ultimatum: Ceasefire!,Philippines,[223],Action
510,852,Walker,"United States
Nicaragua",[224],Action
511,853,Wanted: Dead or Alive,United States,[225],Action
512,854,Wicked City,Japan,Animated film[226],Action
513,856,Above the Law,United States,Action thriller[227],Action
514,857,Action Jackson,United States,[228],Action
515,858,Alex Boncayao Brigade,Philippines,[229],Action
516,860,Angel II,Hong Kong,,Action
517,861,Black Eagle,United States,"Action thriller, martial arts film[230]",Action
518,862,Bloodsport,United States,Martial arts film[231],Action
519,863,Braddock: Missing in Action III,United States,[232],Action
520,864,Bulletproof,United States,[233],Action
521,865,Chinatown: In the Claws of the Dragon,Philippines,[234],Action
522,866,Crocodile Dundee II,"Australia
United States",[235],Action
523,867,Die Hard,United States,Action thriller[236],Action
524,868,Dragons Forever,"China
Hong Kong",[237],Action
525,869,Ex-Army,Philippines,,Action
526,870,Hero and the Terror,United States,[238],Action
527,871,I'm Gonna Git You Sucka,United States,Action comedy[239],Action
528,872,In the Line of Duty III,Hong Kong,,Action
529,873,Maniac Cop,United States,[240],Action
530,874,Messenger of Death,United States,Action thriller[241],Action
531,875,Midnight Run,United States,Action comedy[242],Action
532,876,Ne réveillez pas un flic qui dort,France,Action thriller[243],Action
533,878,Police Story 2,Hong Kong,Martial arts film[244],Action
534,879,Rambo III,United States,Action thriller[245],Action
535,880,Red Heat,United States,Action thriller[246],Action
536,881,Red Scorpion,United States,[247],Action
537,883,Shoot to Kill,United States,Action thriller[248],Action
538,884,Space Mutiny,South Africa,Science fiction action[249],Action
539,885,Striker,"United States
Italy",[250],Action
540,886,The Bullet That Will Kill You Has Been Made,Philippines,Action thriller[251],Action
541,887,The Dead Pool,United States,Action thriller[252],Action
542,888,The Inspector Wears Skirts,Hong Kong,Action comedy[253],Action
543,889,They Live,United States,Science fiction action[254],Action
544,891,Tiger on Beat,Hong Kong,[255],Action
545,892,Traxx,United States,Action comedy[256],Action
546,894,A Better Tomorrow 3,Hong Kong,[257],Action
547,895,A Punch to Revenge,Hong Kong,,Action
548,896,American Ninja 3: Blood Hunt,United States,[258],Action
549,897,American Rampage,United States,[259],Action
550,898,Angel III,Hong Kong,,Action
551,899,Angel Enforcers,Hong Kong,,Action
552,903,"Abraxas, Guardian of the Universe",United States,Science fiction action[1],Action
553,904,Air America,United States,[2],Action
554,905,All for the Winner,Hong Kong,[3],Action
555,906,American Ninja 4: The Annihilation,United States,[4],Action
556,907,Another 48 Hrs.,United States,[5],Action
557,908,Apo: Manila's Kingpin,Philippines,Action thriller[6],Action
558,909,Bird on a Wire,United States,[7],Action
559,910,Bloodfist II,United States,[8],Action
560,911,Blue Steel,United States,[9],Action
561,912,Bullet and Rosary,Philippines,Action thriller[10],Action
562,913,Bullet in the Head,Hong Kong,[11],Action
563,914,Captain America,"United States
Yugoslavia",[12],Action
564,915,Curry and Pepper,Hong Kong,[13],Action
565,916,Darkman,United States,Science fiction action[14],Action
566,917,Death Warrant,"Canada
United States",[15],Action
567,918,Delta Force 2: The Colombian Connection,United States,[16],Action
568,919,Dick Tracy,United States,[17],Action
569,920,Die Hard 2,United States,[18],Action
570,921,Fatal Termination,Hong Kong,,Action
571,922,La Femme Nikita,"France
Italy",Action thriller[19],Action
572,923,Hard to Kill,United States,[20],Action
573,924,The Hunt For Red October,United States,Action thriller[21],Action
574,925,I Come in Peace,United States,[22],Action
575,926,Island of Fire,Hong Kong,[23],Action
576,927,Just Only God That I Could Surrender,Philippines,[24],Action
577,928,Lethal Panther,Hong Kong,[25],Action
578,929,Lionheart,United States,[26],Action
579,930,Maniac Cop 2,United States,[27],Action
580,931,Marked for Death,United States,[28],Action
581,932,Martial Law,United States,[29],Action
582,933,Narrow Margin,United States,Action thriller[30],Action
583,934,Navy SEALS,United States,Action thriller[31],Action
584,935,Peacemaker,United States,[32],Action
585,936,Predator 2,United States,Science fiction action[33],Action
586,937,RoboCop 2,United States,Science fiction action[34],Action
587,938,Short Time,United States,[35],Action
588,939,Teenage Mutant Ninja Turtles,United States,[36],Action
589,940,Robot Jox,United States,Science fiction action[37],Action
590,941,The Rookie,United States,[38],Action
591,942,The Swordsman,Hong Kong,Martial arts film[39],Action
592,943,Total Recall,United States,[40],Action
593,944,"White Hunter, Black Heart",United States,[41],Action
594,946,Armour of God II: Operation Condor,Hong Kong,[42][43],Action
595,947,Backdraft,United States,Action thriller[44],Action
596,948,Black Cat,Hong Kong,[45],Action
597,949,Do or Die,United States,[46],Action
598,950,Double Impact,United States,[47],Action
599,951,Dune Warriors,United States,[48],Action
600,952,Fight Back to School,Hong Kong,[49],Action
601,954,Fist of Fury 1991,Hong Kong,[50],Action
602,955,F/X2,United States,Action thriller[51],Action
603,956,God of Gamblers II,Hong Kong,[52],Action
604,957,"Good Friend, Worst Enemy",Philippines,[53],Action
605,958,The Hard Way,United States,[54],Action
606,959,Harley Davidson and the Marlboro Man,United States,[55],Action
607,960,The Hitman,"United States
Canada",,Action
608,961,Hudson Hawk,United States,[56],Action
609,962,The Human Shield,United States,,Action
610,963,If Looks Could Kill,"United States
Canada",Action comedy,Action
611,964,The Last Boy Scout,United States,[57],Action
612,965,Martial Law 2: Undercover,United States,[58],Action
613,967,Once Upon a Time in China,Hong Kong,[59],Action
614,968,Out for Justice,United States,[60],Action
615,970,Point Break,United States,[61],Action
616,971,Revenge of the Offended,Philippines,[62],Action
617,972,Ricochet,United States,Action thriller[63],Action
618,973,Riki-Oh: The Story of Ricky,"Hong Kong
Japan",[64],Action
619,974,The Rocketeer,United States,[65],Action
620,975,Run,United States,[66],Action
621,976,Samurai Cop,United States,Action thriller[67],Action
622,977,Savior of the Soul,Hong Kong,[68][69],Action
623,979,Showdown in Little Tokyo,United States,[70],Action
624,980,Stone Cold,United States,[71],Action
625,981,Swordsmen in Double Flag Town,China,[72],Action
626,982,The Taking of Beverly Hills,United States,,Action
627,983,Teenage Mutant Ninja Turtles II: The Secret of the Ooze,United States,[73],Action
628,984,Terminator 2: Judgment Day,United States,Science fiction action[74],Action
629,985,Tiger Claws,Canada,[75],Action
630,986,Toy Soldiers,United States,,Action
631,987,Trancers II,United States,Action thriller[76],Action
632,988,Zeram,Japan,[77],Action
633,990,Aces: Iron Eagle III,United States,[78],Action
634,991,American Samurai,United States,Martial arts film,Action
635,992,Angel Terminators,Hong Kong,,Action
636,993,Batman Returns,United States,[79],Action
637,995,Boboy Salonga: Tondo Kid,Philippines,[80],Action
638,996,CIA Code Name: Alexa,United States,,Action
639,997,Deadly Dream Women,Hong Kong,[81],Action
640,998,El Mariachi,United States,[82],Action
641,999,Freejack,United States,[83],Action
642,1000,Full Contact,Hong Kong,[84],Action
643,1001,Hard Boiled,Hong Kong,[85],Action
644,1002,The Heroic Trio,Hong Kong,Martial arts film[86],Action
645,1003,King of Beggars,Hong Kong,Action comedy[87],Action
646,1004,Kuffs,United States,Action comedy[88],Action
647,1005,Lethal Weapon 3,United States,[89],Action
648,1006,Live Wire,United States,Action thriller[90],Action
649,1008,Mission of Justice,United States,Martial arts film,Action
650,1009,Naked Killer,Hong Kong,[91],Action
651,1011,Once Upon a Time in China II,Hong Kong,[92],Action
652,1012,Passenger 57,United States,[93],Action
653,1013,Patriot Games,United States,[94],Action
654,1014,Police Story 3: Super Cop,Hong Kong,[95],Action
655,1015,Rapid Fire,United States,[96],Action
656,1016,Snake Eater III,United States,,Action
657,1017,Sneakers,United States,Action thriller[97],Action
658,1018,Stop! Or My Mom Will Shoot,United States,Action comedy[98],Action
659,1019,Talons of the Eagle,Canada,Martial arts film,Action
660,1020,Trancers III: Death Lives,United States,"Science fiction action, action thriller[99]",Action
661,1021,Trespass,United States,Action thriller[100],Action
662,1022,Twin Dragons,Hong Kong,[101],Action
663,1023,Ultracop 2000,"Philippines
Hong Kong","Action comedy, martial arts film[102]",Action
664,1024,Under Siege,United States,[103],Action
665,1025,Universal Soldier,United States,[104],Action
666,1026,The Wicked City,Hong Kong,[105],Action
667,1028,Acción Mutante,Spain,Science fiction action[106],Action
668,1029,American Cyborg: Steel Warrior,United States,Science fiction action,Action
669,1030,American Ninja V,United States,[107],Action
670,1031,American Yakuza,United States,,Action
671,1032,Angel Terminators II,Hong Kong,,Action
672,1033,The Avenging Quartet,Hong Kong,,Action
673,1035,Batman: Mask of the Phantasm,United States,[108],Action
674,1036,Best of the Best 2,United States,[109],Action
675,1037,The Black Panther Warriors,Hong Kong,[110],Action
676,1038,Blade of Fury,Hong Kong,[111],Action
677,1039,Bodyguard Kiba,Japan,[112],Action
678,1040,Bounty Tracker,"Germany
United States",,Action
679,1041,The Bride with White Hair,Hong Kong,Martial arts film[113],Action
680,1042,The Bride with White Hair 2,Hong Kong,Martial arts film[114],Action
681,1043,Butterfly and Sword,Hong Kong,[115],Action
682,1044,CIA II: Target Alexa,United States,,Action
683,1045,Cliffhanger,United States,[116],Action
684,1046,Crime Story,Hong Kong,[117],Action
685,1047,Cyborg Cop,United States,Science fiction action[118],Action
686,1048,Death Triangle,Hong Kong,,Action
687,1049,Demolition Man,United States,[119],Action
688,1050,The Eagle Shooting Heroes,Hong Kong,[120],Action
689,1052,Executioners,Hong Kong,[121],Action
690,1055,Fong Sai-Yuk,Hong Kong,[122],Action
691,1056,Fong Sai-yuk II,Hong Kong,[123],Action
692,1057,Fortress,"Australia
United States",[124],Action
693,1058,The Fugitive,United States,Action thriller[125],Action
694,1059,Guns of Dragon,Hong Kong,,Action
695,1060,Hard Target,United States,[126],Action
696,1061,Hero Among Heroes,Hong Kong,[127],Action
697,1062,Iron Monkey,Hong Kong,[128],Action
698,1064,Judgment Night,United States,Action thriller[129],Action
699,1065,Kung Fu Cult Master,Hong Kong,[130],Action
700,1066,Lady Dragon 2,United States,Martial arts film[131],Action
701,1067,Last Action Hero,United States,[132],Action
702,1068,Last Hero in China,Hong Kong,[133],Action
703,1069,Lethal Panther 2: Partners in Law,"Philippines
Hong Kong
Japan",[134][135],Action
704,1070,Maniac Cop 3: Badge of Silence,United States,[136],Action
705,1071,Manila Boy,Philippines,Action comedy[137],Action
706,1072,Martial Outlaw,United States,Martial arts film,Action
707,1073,The Meteor Man,United States,Action comedy[138],Action
708,1074,Nowhere to Run,United States,[139],Action
709,1075,Once a Cop,Hong Kong,[140],Action
710,1076,Once Upon a Time in China III,Hong Kong,[141],Action
711,1077,Once Upon a Time in China IV,Hong Kong,Martial arts film[142],Action
712,1078,Only the Strong,United States,[143],Action
713,1079,Point of No Return,United States,[144],Action
714,1081,Sniper,United States,[145],Action
715,1082,Street Knight,United States,,Action
716,1083,Striking Distance,United States,Action thriller[146],Action
717,1084,Surf Ninjas,United States,Action comedy[147],Action
718,1085,Tai Chi Master,Hong Kong,[148],Action
719,1087,Teenage Mutant Ninja Turtles III,United States,[149],Action
720,1088,Undercover Blues,United States,[150],Action
721,1089,Undefeatable,Hong Kong,Martial arts film[151],Action
722,1091,Ashes of Time,Hong Kong,Martial arts film[152],Action
723,1093,Beverly Hills Cop III,United States,[153],Action
724,1094,Blankman,United States,Action comedy[154],Action
725,1095,Blown Away,United States,Action thriller[155],Action
726,1096,The Bodyguard from Beijing,Hong Kong,[156],Action
727,1097,Burning Paradise,Hong Kong,[157],Action
728,1098,The Chase,United States,[158],Action
729,1099,Chinatown 2: The Vigilantes,Philippines,,Action
730,1100,Clear and Present Danger,United States,[159],Action
731,1101,The Cowboy Way,United States,[160],Action
732,1102,The Crow,United States,[161],Action
733,1103,CyberTracker,United States,Science fiction action[162],Action
734,1104,Deadly Target,United States,,Action
735,1105,Death Wish V: The Face of Death,United States,[163],Action
736,1106,Double Dragon,United States,Martial arts film[164],Action
737,1107,Drop Zone,United States,[165],Action
738,1108,Drunken Master II,Hong Kong,[166],Action
739,1109,Fist of Legend,Hong Kong,[167],Action
740,1110,The Getaway,United States,[168],Action
741,1111,God of Gamblers' Return,Hong Kong,[169],Action
742,1112,Gunmen,United States,[170],Action
743,1113,Hellbound,United States,[171],Action
744,1114,Léon: The Professional,France,Action thriller[172][173][174],Action
745,1115,Love on Delivery,Hong Kong,[175],Action
746,1116,A Low Down Dirty Shame,United States,[176],Action
747,1117,Men of War,United States,[177],Action
748,1118,Mistah,Philippines,[178],Action
749,1119,The New Legend Of Shaolin,Hong Kong,[179],Action
750,1120,No Escape,United States,[180],Action
751,1121,On Deadly Ground,United States,[181],Action
752,1122,The River Wild,United States,[182],Action
753,1123,Satin Steel,Hong Kong,,Action
754,1124,The Shadow,United States,[183],Action
755,1125,The Specialist,United States,[184],Action
756,1126,Speed,United States,[185],Action
757,1127,Street Fighter,United States,[186],Action
758,1128,Street Fighter II: The Animated Movie,"Japan
United States",[187],Action
759,1129,Surviving the Game,United States,[188],Action
760,1130,Terminal Velocity,United States,[189],Action
761,1131,Timecop,United States,[190],Action
762,1132,True Lies,United States,[191],Action
763,1133,Ultimatum,"Philippines
United States",[192],Action
764,1134,Wing Chun,Hong Kong,[193],Action
765,1135,Wonder Seven,Hong Kong,[194],Action
766,1137,Assassins,United States,[195],Action
767,1138,Bad Boys,United States,[196],Action
768,1139,Best of the Best 3,United States,Martial arts Film,Action
769,1140,Batman Forever,United States,[197],Action
770,1141,The Blade,Hong Kong,[198],Action
771,1142,Congo,United States,[199],Action
772,1143,Crimson Tide,United States,[200],Action
773,1144,Crying Freeman,"France
Canada",[201],Action
774,1145,The Demolitionist,United States,Science fiction action[202],Action
775,1146,Desperado,United States,[203],Action
776,1147,Die Hard with a Vengeance,United States,[204],Action
777,1148,Don't Give a Damn,Hong Kong,[205],Action
778,1150,Fair Game,United States,[206],Action
779,1153,Garōden,Japan,[207],Action
780,1154,GoldenEye,United Kingdom,[208],Action
781,1155,Heat,United States,[209],Action
782,1156,High Risk,Hong Kong,[210],Action
783,1157,The Hunted,United States,[211],Action
784,1158,Johnny Mnemonic,Canada,[212],Action
785,1159,Judge Dredd,United States,Science fiction action[213],Action
786,1160,Kamikaze Taxi,Japan,[214],Action
787,1163,Money Train,United States,[215],Action
788,1164,Mortal Kombat,United States,[216],Action
789,1165,My Father Is a Hero,Hong Kong,[217],Action
790,1166,One Tough Bastard,United States,Action thriller[218],Action
791,1167,Outbreak,United States,Action thriller[219],Action
792,1168,Peace Hotel,Hong Kong,[220],Action
793,1171,Rumble in the Bronx,Hong Kong,[221],Action
794,1172,Screamers,"United States
Canada
Japan",Action thriller[222],Action
795,1173,Soldier Boyz,United States,,Action
796,1174,Sudden Death,United States,[223],Action
797,1175,Tank Girl,United States,Action comedy[224],Action
798,1176,Thunderbolt,Hong Kong,[225][226],Action
799,1177,Top Dog,United States,[227],Action
800,1178,Tough and Deadly,United States,,Action
801,1179,Under Siege 2: Dark Territory,United States,[228],Action
802,1180,Urban Rangers,Philippines,,Action
803,1181,Waterworld,United States,[229],Action
804,1182,Zero Woman,Japan,[230],Action
805,1183,Zero Woman: Final Mission,Japan,[231],Action
806,1185,Barb Wire,United States,[232],Action
807,1186,Beyond Hypothermia,Hong Kong,[233][234],Action
808,1187,Big Bullet,Hong Kong,[235],Action
809,1188,Black Mask,Hong Kong,[236][237],Action
810,1189,Broken Arrow,United States,[238],Action
811,1190,Bulletproof,United States,[239],Action
812,1191,Chain Reaction,United States,[240],Action
813,1192,The Chinese Feast,Hong Kong,"Action comedy, martial arts film[241]",Action
814,1193,The Crow: City of Angels,United States,[242],Action
815,1194,Daylight,United States,[243],Action
816,1195,"Dr. Wai in ""The Scripture with No Words""",Hong Kong,[244],Action
817,1196,Eraser,United States,[245],Action
818,1197,Escape from L.A.,United States,[246],Action
819,1198,Executive Decision,United States,[247],Action
820,1199,First Option,Hong Kong,,Action
821,1202,2000 AD,Hong Kong,[1],Action
822,1203,The 6th Day,United States,Action thriller[2],Action
823,1204,The Art of War,United States,Action thriller[3],Action
824,1205,Battle Royale,Japan,Action thriller[4],Action
825,1206,Battlefield Earth,United States,Science fiction action[5],Action
826,1207,Blood: The Last Vampire,Japan,Anime action horror[6],Action
827,1208,Charlie's Angels,United States,[7],Action
828,1209,China Strike Force,Hong Kong,[8],Action
829,1210,"Crouching Tiger, Hidden Dragon",Taiwan,Martial arts film[9],Action
830,1211,The Duel,Hong Kong,Martial arts film[10],Action
831,1212,Faust: Love of the Damned,Spain,Action thriller[11],Action
832,1213,Get Carter,United States,Action thriller[12],Action
833,1214,Gojoe: Spirit War Chronicle,Japan,[13],Action
834,1215,Gone in 60 Seconds,United States,[14],Action
835,1216,Jiang Hu: The Triad Zone,Hong Kong,[15],Action
836,1217,Mission: Impossible 2,United States,[16],Action
837,1218,Romeo Must Die,United States,[17],Action
838,1219,Shaft,United States,[18],Action
839,1220,Shanghai Noon,United States,[19],Action
840,1221,Taxi 2,France,[20],Action
841,1222,Time and Tide,Hong Kong,[21],Action
842,1223,Titan A.E.,United States,Science fiction action[22],Action
843,1224,Tokyo Raiders,Hong Kong,[23],Action
844,1225,Vampire Hunter D: Bloodlust,Japan,Animated film[24],Action
845,1226,Versus,Japan,[25],Action
846,1227,Vertical Limit,United States,[26],Action
847,1228,Whiteout,Japan,Action thriller[27],Action
848,1229,X-Men,United States,[28],Action
849,1503,13 Assassins,Japan,Martial arts[1],Action
850,1504,14 Blades,"China
Hong Kong",Martial arts[2],Action
851,1505,22 Bullets,France,Action thriller,Action
852,1506,Alien vs Ninja,Japan,[3][4],Action
853,1507,Bad Blood,Hong Kong,[5],Action
854,1508,Bangkok Knockout,Thailand,[6],Action
855,1509,Batman: Under the Red Hood,United States,Animated superhero film[7],Action
856,1510,Blades of Blood,South Korea,[8],Action
857,1511,Cop Out,United States,Action comedy[9],Action
858,1512,Centurion,United Kingdom,[10],Action
859,1513,City Under Siege,Hong Kong,[11],Action
860,1514,Clash of the Titans,"United States
Australia",Fantasy action,Action
861,1515,Death Race 2,United States,Science fiction action,Action
862,1516,Dante's Inferno: An Animated Epic,Japan,Animated film[12],Action
863,1517,Date Night,United States,Action comedy[13],Action
864,1518,Faster,United States,[14],Action
865,1519,Fire of Conscience,Hong Kong,[15],Action
866,1520,From Paris With Love,"France
United States",[16],Action
867,1521,Gallants,Hong Kong,[17],Action
868,1522,Gothic & Lolita Psycho,Japan,[18],Action
869,1523,Hunt to Kill,,,Action
870,1524,Inception,United States,Science fiction action[19],Action
871,1525,Ip Man 2,Hong Kong,[20],Action
872,1526,Iron Man 2,United States,[21],Action
873,1527,Just Call Me Nobody,"Taiwan
China",[22],Action
874,1528,Justice League: Crisis on Two Earths,United States,Animated superhero film[23],Action
875,1529,Kick-Ass,United States,[24],Action
876,1530,Killers,United States,[25],Action
877,1531,Knight and Day,United States,[26],Action
878,1532,Let the Bullets Fly,"China
Hong Kong",[27],Action
879,1533,Little Big Soldier,"Hong Kong
China",[28],Action
880,1534,MacGruber,United States,Action comedy[29],Action
881,1535,Machete,United States,[30],Action
882,1536,Mutant Girls Squad,Japan,[31][32],Action
883,1537,Ong Bak 3,Thailand,[33][34],Action
884,1538,Operation: Endgame,United States,Action comedy[35],Action
885,1539,Piranha 3D,United States,Action thriller[36],Action
886,1540,Point Blank,France,Action thriller[37],Action
887,1541,Predators,United States,[38],Action
888,1542,Red,United States,[39],Action
889,1543,Red: Werewolf Hunter,Canada,Action horror[40],Action
890,1544,Reign of Assassins,China,[41][42],Action
891,1545,Repo Men,United States,Science fiction action[43],Action
892,1546,Resident Evil: Afterlife,"Germany
United Kingdom
Canada
France",Science fiction action,Action
893,1547,Salt,United States,[44],Action
894,1548,Scott Pilgrim vs. the World,United States,Action comedy[45],Action
895,1549,Shank,United Kingdom,[46],Action
896,1550,Sinners and Saints,United States,Action thriller,Action
897,1551,Smokin' Aces 2: Assassins' Ball,United States,[47],Action
898,1552,Stake Land,United States,Action thriller[48],Action
899,1553,Superman/Batman: Apocalypse,United States,Animated superhero film[49],Action
900,1554,Tekken,United States,[50],Action
901,1555,The A-Team,United States,[51],Action
902,1556,The Book of Eli,United States,[52],Action
903,1557,The Bounty Hunter,United States,Action comedy[53],Action
904,1558,"The Butcher, the Chef and the Swordsman","China
United States
Hong Kong",[54],Action
905,1559,The Crazies,United States,Action thriller[55],Action
906,1560,The Expendables,United States,[56],Action
907,1561,The King of Fighters,"Japan
Taiwan
United States
Germany",[57],Action
908,1562,The Last Airbender,United States,Martial arts film[58],Action
909,1563,The Legend Is Born – Ip Man,Hong Kong,[59],Action
910,1564,The Losers,United States,[60],Action
911,1565,The Man from Nowhere,South Korea,Action thriller[61],Action
912,1566,The Other Guys,United States,[62],Action
913,1567,The Red Eagle,Thailand,[63],Action
914,1568,The Spy Next Door,United States,Action comedy[64],Action
915,1569,The Stool Pigeon,"China
Hong Kong",[65][66],Action
916,1570,The Warrior's Way,New Zealand,[67],Action
917,1571,The Yellow Sea,South Korea,[68],Action
918,1572,Triple Tap,Hong Kong,[69],Action
919,1573,True Legend,"Hong Kong
China",[70],Action
920,1574,Undisputed III: Redemption,United States,Martial arts film,Action
921,1575,Unstoppable,United States,[71],Action
922,1576,Vampire Warriors,Hong Kong,[72],Action
923,1577,Yamada: The Samurai of Ayothaya,Thailand,Martial arts film,Action
924,1578,Zebraman 2: Attack on Zebra City,Japan,[73],Action
925,1802,Ala Vaikunthapurramuloo,India,Action drama[2],Action
926,1804,Asuraguru,India,Action thriller[4],Action
927,1808,Bad Boys for Life,United States,Action comedy[10],Action
928,1809,Bamfaad,India,"Romance, action[11]",Action
929,1813,Chick Fight,United States,Action comedy[15],Action
930,1814,Coffee & Kareem,United States,Action comedy[16],Action
931,1815,Cut Throat City,United States,Heist[17],Action
932,1818,Disco Raja,India,Sci-fi action[20][21],Action
933,1819,Earth and Blood,France,Action thriller[22],Action
934,1827,Guns Akimbo,"New Zealand, United Kingdom, Germany",Action comedy[31],Action
935,1828,Guns of Banaras,India,Action thriller[32],Action
936,1829,Hitman: Agent Jun,South Korea,Action comedy[33][34],Action
937,1830,Honest Thief,United States,Action thriller[35],Action
938,1831,I Am Vengeance: Retaliation,United Kingdom,[36],Action
939,1833,Justice League Dark: Apokolips War,United States,"Animated, superhero[38]",Action
940,1834,Love and Monsters,United States,"Action, adventure, fantasy, rom-com[39]",Action
941,1835,Mafia: Chapter 1,India,"Action, crime[40]",Action
942,1838,Mortal Kombat Legends: Scorpion's Revenge,United States,"Animated, action, martial arts, fantasy[43]",Action
943,1840,My Spy,United States,Action comedy[45],Action
944,1841,Palasa 1978,India,Period action[46],Action
945,1842,Pasal Kau!,Malaysia,"Action, rom-com[47][48]",Action
946,1844,Project Power,United States,Superhero action thriller[50],Action
947,1846,Sarileru Neekevvaru,India,Action comedy[52],Action
948,1847,Shivarjuna,India,"Action, family[53]",Action
949,1848,Sniper: Assassin's End,United States,Action[54],Action
950,1849,Sonic the Hedgehog,United States,"Live-action animated hybrid, action-adventure, comedy[55]",Action
951,1850,Spenser Confidential,United States,"Action, comedy[56]",Action
952,1851,Survive the Night,United States,Action thriller[57],Action
953,1852,Superintelligence,United States,Action rom-com[58],Action
954,1853,Superman: Man of Tomorrow,United States,"Animated, superhero[59]",Action
955,1854,Superman: Red Son,United States,"Animated, superhero[60]",Action
956,1855,Tanhaji,India,biographical action[61],Action
957,1858,The Last Days of American Crime,United States,Action thriller[64],Action
958,1860,The Rhythm Section,United States,Action thriller[66],Action
959,1862,The Tax Collector,United States,Action thriller[68],Action
960,1863,V,India,Action thriller[69],Action
961,1864,Vanguard,China,"Action, adventure[70]",Action
962,1865,We Can Be Heroes,United States,Superhero[71],Action
963,1866,Wonder Woman 1984,United States,Superhero[72],Action
