,Title,Country,Subgenre,Genre
0,,,,Comedy
51,,,,Comedy
65,vte,,,Comedy
101,1950,,,Comedy
102,Abbott and Costello in the Foreign Legion,United States,,Comedy
103,Born Yesterday,United States,,Comedy
104,Champagne for Caesar,United States,,Comedy
105,Cheaper by the Dozen,United States,,Comedy
106,Duchess of Idaho,United States,,Comedy
107,Father of the Bride,United States,,Comedy
108,The Great Rupert,United States,,Comedy
109,Harvey,United States,,Comedy
110,The Jackpot,United States,,Comedy
111,Key to the City,United States,,Comedy
112,Love Happy,United States,,Comedy
113,My Friend Irma Goes West,United States,,Comedy
114,Two Weeks with Love,United States,,Comedy
115,The Happiest Days of Your Life,United Kingdom,,Comedy
116,1951,,,Comedy
117,Abbott and Costello Meet the Invisible Man,United States,,Comedy
118,An American in Paris,United States,,Comedy
119,Angels in the Outfield,United States,,Comedy
120,Comin' Round the Mountain,United States,,Comedy
121,Double Dynamite,United States,,Comedy
122,Father's Little Dividend,United States,,Comedy
123,Half Angel,United States,,Comedy
124,My Favorite Spy,United States,,Comedy
125,Lady Godiva Rides Again,United Kingdom,,Comedy
126,Laughter in Paradise,United Kingdom,,Comedy
127,The Lavender Hill Mob,United Kingdom,,Comedy
128,The Man in the White Suit,United Kingdom,,Comedy
129,1952,,,Comedy
130,Abbott and Costello Meet Captain Kidd,United States,,Comedy
131,Bela Lugosi Meets a Brooklyn Gorilla,United States,,Comedy
132,A Girl in Every Port,United States,,Comedy
133,Jumping Jacks,United States,,Comedy
134,Lost in Alaska,United States,,Comedy
135,Monkey Business,United States,,Comedy
136,Road to Bali,United States,,Comedy
137,Singin' in the Rain,United States,,Comedy
138,Son of Paleface,United States,,Comedy
139,The Quiet Man,"United States
Ireland",Comedy drama,Comedy
140,Curtain Up,United Kingdom,,Comedy
141,The Card,United Kingdom,,Comedy
142,The Importance of Being Earnest,United Kingdom,,Comedy
143,1953,,,Comedy
144,The Band Wagon,United States,,Comedy
145,The Caddy,United States,,Comedy
146,The Girls of Pleasure Island,United States,,Comedy
147,How to Marry a Millionaire,United States,,Comedy
148,The Moon Is Blue,United States,,Comedy
149,Roman Holiday,United States,,Comedy
550,,,,Comedy
601,,,,Comedy
615,vte,,,Comedy
651,1960,,,Comedy
652,The Apartment,United States,comedy/drama,Comedy
653,The Bellboy,United States,,Comedy
654,Cinderfella,United States,,Comedy
655,The Facts of Life,United States,,Comedy
656,It Started in Naples,United States,,Comedy
657,The Little Shop of Horrors,United States,,Comedy
658,North to Alaska,United States,,Comedy
659,Ocean's Eleven,United States,,Comedy
660,Where the Boys Are,United States,,Comedy
661,Battle of the Sexes,United Kingdom,,Comedy
662,Dentist in the Chair,United Kingdom,,Comedy
663,Doctor in Love,United Kingdom,,Comedy
664,"Don't Panic, Chaps!",United Kingdom,,Comedy
665,Light up the Sky,United Kingdom,,Comedy
666,Make Mine Mink,United Kingdom,,Comedy
667,School for Scoundrels,United Kingdom,,Comedy
668,The Grass Is Greener,United Kingdom,,Comedy
669,The Millionairess,United Kingdom,,Comedy
670,The Pure Hell of St Trinian's,United Kingdom,,Comedy
671,Two-Way Stretch,United Kingdom,,Comedy
672,Watch Your Stern,United Kingdom,,Comedy
673,1961,,,Comedy
674,The Absent-Minded Professor,United States,,Comedy
675,Blue Hawaii,United States,,Comedy
676,Breakfast at Tiffany's,United States,,Comedy
677,Gidget Goes Hawaiian,United States,,Comedy
678,Lover Come Back,United States,,Comedy
679,One Hundred and One Dalmatians,United States,,Comedy
680,"One, Two, Three",United States,,Comedy
681,The Parent Trap,United States,,Comedy
682,Pocketful of Miracles,United States,,Comedy
683,Snow White and the Three Stooges,United States,,Comedy
684,The Errand Boy,United States,,Comedy
685,The Ladies Man,United States,,Comedy
686,A Pair of Briefs,United Kingdom,,Comedy
687,Dentist on the Job,United Kingdom,,Comedy
688,Invasion Quartet,United Kingdom,,Comedy
689,Ladies Who Do,United Kingdom,,Comedy
690,Nearly a Nasty Accident,United Kingdom,,Comedy
691,The Rebel,United Kingdom,,Comedy
692,Very Important Person,United Kingdom,,Comedy
693,What a Carve Up!,United Kingdom,,Comedy
694,What a Whopper!,United Kingdom,,Comedy
695,A Woman Is a Woman,France,Comedy drama,Comedy
696,1962,,,Comedy
697,Boy's Night Out,United States,,Comedy
698,Girls! Girls! Girls!,United States,,Comedy
699,Hatari!,United States,,Comedy
1100,,,,Comedy
1151,,,,Comedy
1165,vte,,,Comedy
1651,,,,Comedy
1665,vte,,,Comedy
1700,,,,Comedy
1751,1980,,,Comedy
1752,9 to 5,United States,,Comedy
1753,Private Benjamin,United States,,Comedy
1754,Airplane!,United States,A spoof of disaster films,Comedy
1755,Caddyshack,United States,,Comedy
1756,Melvin and Howard,United States,Comedy-drama,Comedy
1757,"History of the World, Part I",United States,,Comedy
1758,The Blues Brothers,United States,,Comedy
1759,1981,,,Comedy
1760,Stripes,United States,,Comedy
1761,1982,,,Comedy
1762,Airplane II: The Sequel,United States,,Comedy
1763,Porky's,United States,,Comedy
1764,1983,,,Comedy
1765,Strange Brew,Canada,,Comedy
1766,1984,,,Comedy
1767,Ghostbusters,United States,,Comedy
1768,Repo Man,United States,,Comedy
1769,Splash,United States,,Comedy
1770,This is Spinal Tap,United States,,Comedy
1771,Top Secret!,United States,,Comedy
1772,1985,,,Comedy
1773,Back to the Future,United States,,Comedy
1774,The Goonies,United States,,Comedy
1775,Lost in America,United States,,Comedy
1776,Once Bitten,United States,,Comedy
1777,Summer Rental,United States,,Comedy
1778,Pee-wee's Big Adventure,United States,,Comedy
1779,Weird Science,United States,,Comedy
1780,1986,,,Comedy
1781,Down and Out in Beverly Hills,United States,,Comedy
1782,Little Shop of Horrors,United States,,Comedy
1783,Ruthless People,United States,,Comedy
1784,1987,,,Comedy
1785,Hunk,United States,A Faustian comedy,Comedy
1786,Spaceballs,United States,A parody of Star Wars,Comedy
1787,1988,,,Comedy
1788,Beetlejuice,United States,,Comedy
1789,1989,,,Comedy
1790,Back to the Future Part II,United States,,Comedy
1791,Ghostbusters II,United States,,Comedy
1800,,,,Comedy
2201,,,,Comedy
2215,vte,,,Comedy
2250,,,,Comedy
2301,Air America,United States,Action comedy[1],Comedy
2302,Alice,United States,Comedy drama[2],Comedy
2303,All for the Winner,Hong Kong,[3],Comedy
2304,Another 48 Hrs.,United States,Action comedy[4],Comedy
2305,Arachnophobia,United States,Horror comedy[5],Comedy
2306,Back to the Future Part III,United States,Science fiction comedy[6],Comedy
2307,Basket Case 2,United States,Horror comedy[7],Comedy
2308,Bird on a Wire,United States,Action comedy[8],Comedy
2309,Cadillac Man,United States,[9],Comedy
2310,Coupe de Ville,United States,[10],Comedy
2311,Cry-Baby,United States,[11],Comedy
2312,Dick Tracy,United States,[12],Comedy
2313,Ernest Goes to Jail,United States,[13],Comedy
2314,Far Out Man,United States,[14],Comedy
2315,Flashback,United States,Comedy drama[15],Comedy
2316,Frankenhooker,United States,[16],Comedy
2317,The Freshman,United States,[17],Comedy
2318,Ghost Dad,United States,[18],Comedy
2319,Green Card,United States,[19],Comedy
2320,Gremlins 2: The New Batch,United States,[20],Comedy
2321,The Hairdresser's Husband,France,[21],Comedy
2322,Halfaouine: Boy of the Terraces,"Tunisia
France",[22],Comedy
2323,Home Alone,United States,[23],Comedy
2324,House Party,United States,[24],Comedy
2325,I Bought a Vampire Motorcycle,United Kingdom,Horror comedy[25],Comedy
2326,I Hired a Contract Killer,"Finland
Sweden",[26],Comedy
2327,I Love You to Death,United States,[27],Comedy
2328,In the Spirit,United States,[28],Comedy
2329,Joe Versus the Volcano,United States,[29],Comedy
2330,Kindergarten Cop,United States,[30],Comedy
2331,Life Is Sweet,United Kingdom,Comedy drama[31],Comedy
2332,Look Who's Talking Too,United States,[32],Comedy
2333,Loose Cannons,United States,[33],Comedy
2334,A Man Called Sarge,United States,[34],Comedy
2335,May Fools,France,[35],Comedy
2336,Men at Work,United States,[36],Comedy
2337,Mermaids,United States,Comedy drama[37],Comedy
2338,Metropolitan,United States,Comedy drama[38],Comedy
2339,Movie... In Your Face,"Hong Kong
United States",[39],Comedy
2340,Mr. Destiny,United States,[40],Comedy
2341,My Blue Heaven,United States,[41],Comedy
2342,My New Partner II,France,[42],Comedy
2343,The Nasty Girl,West Germany,Comedy drama[43][44],Comedy
2344,Ninja Academy,United States,[45],Comedy
2345,Nuns on the Run,United Kingdom,[46],Comedy
2346,Opportunity Knocks,United States,[47],Comedy
2347,Postcards from the Edge,United States,Comedy drama[48],Comedy
2348,Pretty Woman,United States,[49],Comedy
2349,Problem Child,United States,[50],Comedy
2351,The Addams Family,United States,[71],Comedy
2352,Age Isn't Everything,United States,[72],Comedy
2353,All I Want for Christmas,United States,[73],Comedy
2354,And You Thought Your Parents Were Weird,United States,[74],Comedy
2355,Another You,United States,[75],Comedy
2356,Armour of God II: Operation Condor,Hong Kong,"Action comedy, adventure comedy[76]",Comedy
2357,Barton Fink,United States,Comedy drama[77],Comedy
2358,Bill & Ted's Bogus Journey,United States,[78],Comedy
2359,Bingo,United States,[79],Comedy
2360,The Butcher's Wife,United States,"Fantasy comedy, romantic comedy[80]",Comedy
2361,Career Opportunities,United States,[81],Comedy
2362,City Slickers,United States,Comedy drama[82],Comedy
2363,Critters 3,United States,Horror comedy[83],Comedy
2364,Curly Sue,United States,[84],Comedy
2365,The Dark Backward,United States,[85],Comedy
2366,Defending Your Life,United States,[86],Comedy
2367,Delicatessen,France,[87],Comedy
2368,Delirious,United States,[88],Comedy
2369,Doc Hollywood,United States,[89],Comedy
2370,Don't Tell Mom the Babysitter's Dead,United States,[90],Comedy
2371,Drop Dead Fred,United States,[91],Comedy
2372,Dutch,United States,[92],Comedy
2373,The Elementary School,Czechoslovakia,[93],Comedy
2374,Ernest Scared Stupid,United States,[94],Comedy
2375,Fast Getaway,United States,Action comedy[95],Comedy
2376,Father of the Bride,United States,[96],Comedy
2377,The Fisher King,United States,Fantasy comedy[97],Comedy
2378,Frankie and Johnny,United States,Comedy drama[98],Comedy
2379,Fried Green Tomatoes,United States,[99],Comedy
2380,The Hard Way,United States,[100],Comedy
2381,Hear My Song,"Ireland
United Kingdom",[101],Comedy
2382,Highway 61,Canada,[102],Comedy
2383,Hot Shots!,United States,[103],Comedy
2384,Hudson Hawk,United States,[104],Comedy
2385,House Party 2,United States,[105],Comedy
2386,If Looks Could Kill,United States,[106],Comedy
2387,Johnny Stecchino,Italy,[107],Comedy
2388,King Ralph,United States,[108],Comedy
2389,L.A. Story,United States,[109],Comedy
2390,Life Stinks,United States,[110],Comedy
2391,Mannequin Two: On the Move,United States,[111],Comedy
2392,Mediterraneo,Italy,[112],Comedy
2393,Mississippi Masala,"United States
United Kingdom",Comedy drama[113],Comedy
2394,The Naked Gun 2½: The Smell of Fear,United States,[114],Comedy
2395,Necessary Roughness,United States,[115],Comedy
2396,Night on Earth,United States,[116],Comedy
2397,Nothing but Trouble,United States,[117],Comedy
2398,Oscar,United States,[118],Comedy
2399,Only the Lonely,United States,Comedy drama[119],Comedy
2401,3 Ninjas,United States,Action comedy[142],Comedy
2402,Army of Darkness,United States,[143],Comedy
2403,Bebe's Kids,United States,[144],Comedy
2404,Beethoven,United States,[145],Comedy
2405,Belle Époque,Spain,[146],Comedy
2406,Bob Roberts,"United States
United Kingdom",[147],Comedy
2407,Boomerang,United States,[148],Comedy
2408,Boris and Natasha: The Movie,United States,[149],Comedy
2409,Brain Donors,United States,[150],Comedy
2410,Braindead,New Zealand,[151],Comedy
2411,Buffy the Vampire Slayer,United States,[152],Comedy
2412,Captain Ron,United States,[153],Comedy
2413,La Chasse aux papillons,France,[154],Comedy
2414,Class Act,United States,[155],Comedy
2415,Cool World,United States,Fantasy comedy[156],Comedy
2416,The Cutting Edge,United States,Comedy-drama[157],Comedy
2417,The Dark Side of the Heart,Argentina,Comedy drama[158],Comedy
2418,Death Becomes Her,United States,[159],Comedy
2419,Diggstown,United States,[160],Comedy
2420,The Distinguished Gentleman,United States,[161],Comedy
2421,The Double O Kid,United States,[162],Comedy
2422,Enchanted April,"United Kingdom
United States",Comedy drama[163],Comedy
2423,Encino Man,United States,[164],Comedy
2424,Hero,United States,Comedy drama[165],Comedy
2425,Home Alone 2: Lost in New York,United States,[166],Comedy
2426,"Honey, I Blew Up the Kid",United States,[167],Comedy
2427,Honeymoon in Vegas,United States,[168],Comedy
2428,HouseSitter,United States,[169],Comedy
2429,Husbands and Wives,United States,Comedy drama[170],Comedy
2430,In the Soup,United States,[171],Comedy
2431,Innocent Blood,United States,[172],Comedy
2432,Kuffs,United States,[173],Comedy
2433,Ladybugs,United States,[174],Comedy
2434,A League of Their Own,United States,Comedy drama[175],Comedy
2435,Leap of Faith,United States,Comedy drama[176],Comedy
2436,Léolo,"Canada
France",Comedy drama[177],Comedy
2437,Love Potion No. 9,United States,[178],Comedy
2438,Man Trouble,United States,[179],Comedy
2439,Medusa: Dare to Be Truthful,United States,[180],Comedy
2440,Memoirs of an Invisible Man,United States,[181],Comedy
2441,The Mighty Ducks,United States,[182],Comedy
2442,Minbo,Japan,Comedy drama[183],Comedy
2443,Mo' Money,United States,[184],Comedy
2444,Mr. Baseball,United States,[185],Comedy
2445,Mr. Saturday Night,United States,[186],Comedy
2446,My Cousin Vinny,United States,[187],Comedy
2447,Noises Off,United States,[188],Comedy
2448,The Northerners,Netherlands,[189],Comedy
2449,The Oak,"Romania
France",Comedy drama[190],Comedy
2451,Addams Family Values,United States,[211],Comedy
2452,Airborne,United States,Comedy drama[212],Comedy
2453,Amos & Andrew,United States,[213],Comedy
2454,Arizona Dream,France,Comedy drama[214],Comedy
2455,Bad Boy Bubby,"Australia
Italy",[215],Comedy
2456,Beethoven's 2nd,United States,[216],Comedy
2457,Benny & Joon,United States,Romantic comedy[217],Comedy
2458,The Beverly Hillbillies,United States,[218],Comedy
2459,CB4,United States,[219],Comedy
2460,City Hunter,Hong Kong,[220],Comedy
2461,Cop and a Half,United States,[221],Comedy
2462,Coneheads,United States,[222],Comedy
2463,Cool Runnings,United States,[223],Comedy
2464,Cuisine et dépendances,France,[224][225],Comedy
2465,Dave,United States,[226],Comedy
2466,Dazed and Confused,United States,Comedy drama[227],Comedy
2467,Demolition Man,United States,Science fiction action comedy[228],Comedy
2468,Dennis the Menace,United States,[229],Comedy
2469,Dottie Gets Spanked,United States,[230],Comedy
2470,Even Cowgirls Get the Blues,United States,[231],Comedy
2471,Fatal Instinct,United States,[232],Comedy
2472,Fong Sai-yuk,Hong Kong,[233],Comedy
2473,Fong Sai-yuk II,Hong Kong,[234],Comedy
2474,Freaked,United States,[235],Comedy
2475,Golden Balls,Spain,[236],Comedy
2476,Groundhog Day,United States,[237],Comedy
2477,Grumpy Old Men,United States,[238],Comedy
2478,Heart and Souls,United States,[239],Comedy
2479,Hocus Pocus,United States,[240],Comedy
2480,Hot Shots! Part Deux,United States,[241],Comedy
2481,Indian Summer,United States,Comedy drama[242],Comedy
2482,Kika,Spain,[243],Comedy
2483,Last Action Hero,United States,[244],Comedy
2484,Loaded Weapon 1,United States,[245],Comedy
2485,Look Who's Talking Now,United States,[246],Comedy
2486,Mad Dog and Glory,United States,Comedy drama[247],Comedy
2487,Manhattan Murder Mystery,United States,[248],Comedy
2488,Manila Boy,Philippines,Action comedy[249],Comedy
2489,Matinee,United States,Comedy drama[250],Comedy
2490,The Meteor Man,United States,[251],Comedy
2491,Mrs. Doubtfire,United States,[252],Comedy
2492,Much Ado About Nothing,"United Kingdom
United States",[253],Comedy
2493,My Boyfriend's Back,United States,[254],Comedy
2494,Naked,United Kingdom,Black comedy[255],Comedy
2495,Robin Hood: Men in Tights,United States,[256],Comedy
2496,Rookie of the Year,United States,[257],Comedy
2497,The Sandlot,United States,Sports comedy[258],Comedy
2498,Sister Act 2: Back in the Habit,United States,[259],Comedy
2499,Six Degrees of Separation,United States,Comedy drama[260],Comedy
2501,3 Ninjas Kick Back,United States,"Action comedy, family-oriented comedy[274]",Comedy
2502,Ace Ventura: Pet Detective,United States,[275],Comedy
2503,"The Adventures of Priscilla, Queen of the Desert",Australia,[276],Comedy
2504,Airheads,United States,[277],Comedy
2505,Amateur,"United Kingdom
France
United States",[278][279],Comedy
2506,Angels in the Outfield,United States,Heavenly comedy[280],Comedy
2507,Baby's Day Out,United States,[281],Comedy
2508,Barcelona,United States,Comedy drama[282],Comedy
2509,Beverly Hills Cop III,United States,[283],Comedy
2510,Blank Check,United States,[284],Comedy
2511,Bullets Over Broadway,United States,[285],Comedy
2512,Cabin Boy,United States,[286],Comedy
2513,Camp Nowhere,United States,[287],Comedy
2514,"Car 54, Where Are You?",United States,[288],Comedy
2515,Cemetery Man,"Italy
France
Germany",Horror comedy[289][290],Comedy
2516,La Cité de la peur,France,[291],Comedy
2517,City Slickers II: The Legend of Curly's Gold,United States,[292],Comedy
2518,Clerks,United States,[293],Comedy
2519,Clifford,United States,[294],Comedy
2520,The Cowboy Way,United States,[295],Comedy
2521,Crooklyn,United States,Comedy drama[296],Comedy
2522,D2: The Mighty Ducks,United States,[297],Comedy
2523,Drunken Master II,Hong Kong,[298],Comedy
2524,Dumb and Dumber,United States,[299],Comedy
2525,Eat Drink Man Woman,Taiwan,Comedy-drama[300],Comedy
2526,Ed Wood,United States,Comedy-drama[301],Comedy
2527,Exit to Eden,United States,[302],Comedy
2528,Fear of a Black Hat,United States,[303],Comedy
2529,The Flintstones,United States,[304],Comedy
2530,Forrest Gump,United States,Comedy drama[305],Comedy
2531,Four Weddings and a Funeral,United Kingdom,[306],Comedy
2532,From Beijing with Love,Hong Kong,[307],Comedy
2533,Getting Any?,Japan,[308],Comedy
2534,Getting Even with Dad,United States,[309],Comedy
2535,Guarding Tess,United States,[310],Comedy
2536,The Hudsucker Proxy,United States,[311],Comedy
2537,In the Army Now,United States,[312],Comedy
2538,Un indien dans la ville,France,[313],Comedy
2539,The Inkwell,United States,Comedy drama[314],Comedy
2540,It Could Happen to You,United States,[315],Comedy
2541,It's Pat,United States,[316],Comedy
2542,Jimmy Hollywood,United States,[317],Comedy
2543,Junior,United States,[318],Comedy
2544,Little Giants,United States,[319],Comedy
2545,The Little Rascals,United States,[320],Comedy
2546,A Low Down Dirty Shame,United States,[321],Comedy
2547,The Madness of King George,"United Kingdom
United States",Comedy of manners[322],Comedy
2548,Major League II,United States,[323],Comedy
2549,The Mask,United States,Fantasy comedy[324],Comedy
2551,3 Ninjas Knuckle Up,United States,Action comedy[360],Comedy
2552,Ace Ventura: When Nature Calls,United States,[361],Comedy
2553,Antonia's Line,Netherlands,[362],Comedy
2554,Bad Boys,United States,Action comedy[363],Comedy
2555,Billy Madison,United States,[364],Comedy
2556,Blue in the Face,United States,[365],Comedy
2557,Blue Juice,United States,[366],Comedy
2558,The Brady Bunch Movie,United States,[367],Comedy
2559,A Bucket of Blood,United States,Horror comedy[368],Comedy
2560,Bushwhacked,United States,[369],Comedy
2561,Canadian Bacon,United States,[370],Comedy
2562,A Close Shave,United Kingdom,[371],Comedy
2563,Clueless,United States,[372],Comedy
2564,The Day of the Beast,Spain,"Black comedy, horror comedy[373]",Comedy
2565,Demon Knight,United States,Horror comedy[374],Comedy
2566,Dracula: Dead and Loving It,United States,[375],Comedy
2567,Dream a Little Dream 2,United States,[376],Comedy
2568,Empire Records,United States,[377],Comedy
2569,Father of the Bride Part II,United States,[378],Comedy
2570,Flirt,"United States
Germany
Japan",Comedy-drama[379],Comedy
2571,Four Rooms,United States,[380],Comedy
2572,French Kiss,United States,[381],Comedy
2573,Friday,United States,[382],Comedy
2574,God's Comedy,Portugal,[383],Comedy
2575,A Goofy Movie,United States,[384],Comedy
2576,Get Shorty,United States,[385],Comedy
2577,Grumpier Old Men,United States,[386],Comedy
2578,Heavyweights,United States,[387],Comedy
2579,Home for the Holidays,United States,Comedy drama[388],Comedy
2580,Houseguest,United States,[389],Comedy
2581,Jeffrey,United States,[390],Comedy
2582,The Jerky Boys: The Movie,United States,[391],Comedy
2583,Jury Duty,United States,[392],Comedy
2584,Kicking and Screaming,United States,Comedy drama[393],Comedy
2585,A Kid in King Arthur's Court,United States,[394],Comedy
2586,The Last Supper,United States,[395],Comedy
2587,Life 101,United States,Comedy drama[396],Comedy
2588,Living in Oblivion,United States,[397],Comedy
2589,Mallrats,United States,[398],Comedy
2590,Man of the House,United States,[399],Comedy
2591,Mighty Aphrodite,United States,Comedy drama[400],Comedy
2592,Nine Months,United States,[401],Comedy
2593,Operation Dumbo Drop,United States,[402],Comedy
2594,Party Girl,United States,[403],Comedy
2595,Problem Child 3: Junior in Love,United States,[404],Comedy
2596,Les Rendez-vous de Paris,France,[405],Comedy
2597,Rumble in the Bronx,Hong Kong,Action comedy[406],Comedy
2598,Summer Snow,Hong Kong,Comedy drama[407],Comedy
2599,Tank Girl (film),,,Comedy
2601,101 Dalmatians,United States,Family-oriented comedy[420],Comedy
2602,The Associate,United States,[421],Comedy
2603,Beautiful Girls,United States,Comedy drama[420],Comedy
2604,Beavis and Butt-Head Do America,United States,Animated film[422],Comedy
2605,Bernie,France,[423],Comedy
2606,Bio-Dome,United States,[424],Comedy
2607,The Birdcage,United States,[425],Comedy
2608,Black Sheep,United States,[426],Comedy
2609,Bottle Rocket,United States,[427],Comedy
2610,The Cable Guy,United States,Comedy-drama[428],Comedy
2611,Camping Cosmos,Belgium,[429],Comedy
2612,Cannibal! The Musical,United States,[430],Comedy
2613,Celtic Pride,United States,[431],Comedy
2614,Citizen Ruth,United States,[432],Comedy
2615,Conspirators of Pleasure,"Czech Republic
Switzerland
United Kingdom","Black comedy, sex comedy[433]",Comedy
2616,Curdled,United States,[434],Comedy
2617,Don't Be a Menace to South Central While Drinking Your Juice in the Hood,United States,[435],Comedy
2618,Faithful,United States,Comedy-drama[436],Comedy
2619,Family Resemblances,France,Comedy-drama[437],Comedy
2620,Fargo,United States,"Crime comedy, black comedy[438]",Comedy
2621,The First Wives Club,United States,[439],Comedy
2622,Flirting with Disaster,United States,[440],Comedy
2623,Freeway,United States,Black comedy[441],Comedy
2624,From Dusk till Dawn,United States,Horror comedy[442],Comedy
2625,Happy Gilmore,United States,[443],Comedy
2626,High School High,United States,[444],Comedy
2627,House Arrest,United States,[445],Comedy
2628,I'm Not Rappaport,United States,Comedy-drama[446],Comedy
2629,Jack,United States,Comedy-drama[447],Comedy
2630,Jerry Maguire,United States,Comedy-drama[448],Comedy
2631,Jingle All the Way,United States,[449],Comedy
2632,Joe's Apartment,United States,[450],Comedy
2633,Kingpin,United States,[451],Comedy
2634,Larger than Life,United States,[452],Comedy
2635,Mars Attacks!,United States,[453],Comedy
2636,Matilda,United States,[454],Comedy
2637,The Mirror Has Two Faces,United States,Comedy-drama[454],Comedy
2638,Multiplicity,United States,[455],Comedy
2639,Muppet Treasure Island,United States,[456],Comedy
2640,My Fellow Americans,United States,[457],Comedy
2641,My Sex Life... or How I Got into an Argument,France,Comedy-drama[458],Comedy
2642,Mystery Science Theater 3000: The Movie,United States,[459],Comedy
2643,The Nutty Professor,United States,[460],Comedy
2644,The Pallbearer,United States,[461],Comedy
2645,"Pretty Village, Pretty Flame",Yugoslavia,[462],Comedy
2646,Puddle Cruiser,United States,[463],Comedy
2647,Scream,United States,[464],Comedy
2648,Shall We Dance?,Japan,[465][466],Comedy
2649,Sgt. Bilko,United States,[467],Comedy
2650,"The 6th Man
8 Heads in a Duffel Bag
A Smile Like Yours
Addicted to Love
Air Bud
An American Werewolf in Paris
As Good as It Gets
Austin Powers: International Man of Mystery
B*A*P*S
Bean
The Beautician and the Beast
Beverly Hills Ninja
Bongwater
Booty Call
Breast Men
Chasing Amy
Deconstructing Harry
Ernest Goes to Africa
Excess Baggage
Fathers' Day
Fierce Creatures
Flubber
Fools Rush In
For Richer or Poorer
The Full Monty
George of the Jungle
Gone Fishin'
Good Burger
Grosse Pointe Blank
Hercules
Home Alone 3
Honey, We Shrunk Ourselves
How to Be a Player
In & Out
Jackie Brown
Jungle 2 Jungle
Leave It to Beaver
Liar Liar
A Life Less Ordinary
The Man Who Knew Too Little
The MatchMaker
McHale's Navy
Meet Wally Sparks
Men in Black
Mr. Magoo
Money Talks
MouseHunt
My Best Friend's Wedding
Nothing to Lose
Orgazmo
Out to Sea
The Pest
Picture Perfect
Private Parts
The Real Blonde
RocketMan
Romy and Michele's High School Reunion
A Simple Wish
Six Ways To Sunday
Snowboard Academy
Soul Food
Sprung
That Old Feeling
'Til There Was You
Trial and Error
Trojan War
Under Wraps
Vegas Vacation
Wag the Dog
The Wrong Guy",,,Comedy
2700,"Air Bud: Golden Receiver
Almost Heroes
Antz
Barney's Great Adventure
BASEketball
The Big Hit
The Big Lebowski
Billy's Hollywood Screen Kiss
Blues Brothers 2000
The Borrowers
A Bug's Life
Bulworth
Can't Hardly Wait
Celebrity
Cousin Bette
Dead Man on Campus
Dirty Work
Dr. Dolittle
Ernest in the Army
Ever After
Fear and Loathing in Las Vegas
Free Enterprise
Hairshirt
The Hairy Bird
Half Baked
High Freakquency
Holy Man
Home Fries
Hope Floats
How to Make the Cruelest Month
How Stella Got Her Groove Back
I Got the Hook-Up
I'll Be Home for Christmas
The Impostors
Jack Frost
Kissing a Fool
Krippendorf's Tribe
Lethal Weapon 4
Life is Beautiful
Mafia!
Major League: Back to the Minors
Meet the Deedles
My Giant
The Newton Boys
A Night at the Roxbury
The Object of my Affection
The Odd Couple II
The Opposite of Sex
Out of Sight
Overnight Delivery
The Parent Trap
Patch Adams
Paulie
Pecker
Playing by Heart
Pleasantville
Practical Magic
Primary Colors
Ride
Rush Hour
Rushmore
Safe Men
Senseless
Shakespeare in Love
Simon Birch
Six Days Seven Nights
Sliding Doors
Small Soldiers
Stepmom
Taxi
There's Something About Mary
The Truman Show
Very Bad Things
Waking Ned
The Waterboy
The Wedding Singer
The Wonderful Ice Cream Suit
Wrongfully Accused
You've Got Mail",,,Comedy
2751,,,,Comedy
2765,vte,,,Comedy
2800,,,,Comedy
2850,100 Girls,United States,[1],Comedy
2851,101 Reykjavík,Iceland,[2],Comedy
2852,102 Dalmatians,United States,Family-oriented comedy[3],Comedy
2853,28 Days,United States,Comedy-drama[4],Comedy
2854,Les acteurs [fr],France,[5],Comedy
2855,The Adventures of Rocky and Bullwinkle,United States,[6],Comedy
2856,Almost Famous,United States,Comedy-drama[7],Comedy
2857,Barking Dogs Never Bite,South Korea,[8],Comedy
2858,Bedazzled,United States,[9],Comedy
2859,Best in Show,United States,[10],Comedy
2860,Big Momma's House,United States,[11],Comedy
2861,Billy Elliot,United Kingdom,Comedy-drama[12],Comedy
2862,Bread and Tulips,"Italy
Switzerland",[13],Comedy
2863,Bring It On,United States,[14],Comedy
2864,Cecil B. Demented,United States,[15],Comedy
2865,Charlie's Angels,United States,Action-Comedy[16],Comedy
2866,Cherry Falls,United States,Horror comedy[17],Comedy
2867,Chicken Run,"United Kingdom
United States",Adventure comedy[18],Comedy
2868,Chuck & Buck,United States,[19],Comedy
2869,Citizen Toxie: The Toxic Avenger IV,United States,[20],Comedy
2870,Committed,United States,[21],Comedy
2871,Company Man,United States,[22],Comedy
2872,Coyote Ugly,United States,Comedy-drama[23],Comedy
2873,Cut,Australia,Horror comedy[24],Comedy
2874,Devils on the Doorstep,China,[25],Comedy
2875,The Dish,Australia,[26],Comedy
2876,Down to You,United States,[27],Comedy
2877,Drowning Mona,United States,[28],Comedy
2878,Dr. Seuss' How the Grinch Stole Christmas,United States,Comedy-drama[29],Comedy
2879,Dr. T & the Women,United States,Comedy-drama[30],Comedy
2880,"Dude, Where's My Car?",United States,[31],Comedy
2881,Duets,United States,Comedy-drama[32],Comedy
2882,The Flintstones in Viva Rock Vegas,United States,[33],Comedy
2883,The Foul King,South Korea,[34],Comedy
2884,Greenfingers,"United Kingdom
United States",Comedy-drama[35],Comedy
2885,Happy Accidents,United States,[36],Comedy
2886,"Harry, He's Here to Help",France,"Comedy thriller, black comedy[37]",Comedy
2887,High Fidelity,United States,Comedy-drama[38],Comedy
2888,In July,Germany,[39],Comedy
2889,The Ladies Man,United States,[40],Comedy
2890,Life-Size,United States,Family-oriented comedy[41],Comedy
2891,Little Nicky,United States,[42],Comedy
2892,Little Otik,"United Kingdom
Czech Republic",[43],Comedy
2893,Loser,United States,Comedy-drama[44],Comedy
2894,Lucky Numbers,United States,Comedy-drama[45],Comedy
2895,"Me, Myself & Irene",United States,[46],Comedy
2896,Meet the Parents,United States,[47],Comedy
2897,Miss Congeniality,United States,[48],Comedy
2898,Needing You...,Hong Kong,[49],Comedy
2899,Next Friday,United States,[50],Comedy
2901,The 51st State,"Canada
United Kingdom",Action comedy[77],Comedy
2902,The Accidental Spy,Hong Kong,Comedy thriller[78],Comedy
2903,Amélie,"France
Germany",[79],Comedy
2904,America's Sweethearts,United States,[80],Comedy
2905,The American Astronaut,United States,[81],Comedy
2906,American Desi,United States,[82],Comedy
2907,American Pie 2,United States,[83],Comedy
2908,The Animal,United States,[84],Comedy
2909,Bandits,United States,[85],Comedy
2910,Beethoven's 4th,United States,[86],Comedy
2911,Black Knight,United States,[87],Comedy
2912,Bridget Jones's Diary,United States,[88],Comedy
2913,The Brothers,United States,Comedy-drama[89],Comedy
2914,Bubble Boy,United States,[90],Comedy
2915,Buffalo Soldiers,United Kingdom,Comedy-drama[91],Comedy
2916,Cats & Dogs,United States,Fantasy-comedy[92],Comedy
2917,The Cat's Meow,"Germany
United Kingdom",Comedy-drama[93],Comedy
2918,The Closet,France,[94],Comedy
2919,Corky Romano,United States,[95],Comedy
2920,CQ,United States,[96],Comedy
2921,Crocodile Dundee in Los Angeles,"Australia
United States",[97],Comedy
2922,The Curse of the Jade Scorpion,United States,[98],Comedy
2923,Don't Tempt Me,"Mexico
Spain",[99],Comedy
2924,Double Take,United States,[100],Comedy
2925,Double Whammy,United States,[101],Comedy
2926,Down to Earth,United States,Comedy-drama[89],Comedy
2927,Dr. Dolittle 2,United States,[102],Comedy
2928,Elling,Norway,Comedy-drama[103],Comedy
2929,Elvira's Haunted Hills,United States,[104],Comedy
2930,Evolution,United States,[105],Comedy
2931,Festival in Cannes,United States,[106],Comedy
2932,Freddy Got Fingered,United States,[107],Comedy
2933,Get Over It,United States,[108],Comedy
2934,Ghost World,United States,Comedy-drama[109],Comedy
2935,God Is Great and I'm Not,France,[110],Comedy
2936,The Happiness of the Katakuris,Japan,Horror comedy[111],Comedy
2937,He Died with a Felafel in His Hand,"Australia
Italy",[112],Comedy
2938,Head over Heels,United States,[113],Comedy
2939,Heartbreakers,United States,[114],Comedy
2940,Hedwig and the Angry Inch,United States,Comedy-drama[115],Comedy
2941,How High,United States,[116],Comedy
2942,Human Nature,"France
United States",[117],Comedy
2943,Jay and Silent Bob Strike Back,United States,[118],Comedy
2944,Jesus Christ Vampire Hunter,Canada,Horror comedy[119],Comedy
2945,Jett Jackson: The Movie,Canada,Family-oriented comedy[120],Comedy
2946,Jimmy Neutron: Boy Genius,United States,Family-oriented comedy[121],Comedy
2947,Joe Dirt,United States,[121],Comedy
2948,Joe Somebody,United States,[122],Comedy
2949,Josie and the Pussycats,United States,[123],Comedy
2951,2002,,,Comedy
2952,24 Hour Party People,United Kingdom,Comedy-drama[187],Comedy
2953,40 Days and 40 Nights,United States,[188],Comedy
2954,8 Women,France,[189],Comedy
2955,800 Bullets,Spain,[190],Comedy
2956,About a Boy,"United Kingdom
United States
France
Germany",Comedy-drama[191],Comedy
2957,About Schmidt,United States,Comedy-drama[192],Comedy
2958,Adaptation.,United States,Comedy-drama[193],Comedy
2959,The Adventures of Pluto Nash,United States,[194],Comedy
2960,All About the Benjamins,United States,Action comedy[195],Comedy
2961,American Girl,United States,Comedy-drama[196],Comedy
2962,Analyze That,United States,[197],Comedy
2963,L'Auberge espagnole,"France
Spain",Comedy-drama[198],Comedy
2964,Austin Powers in Goldmember,United States,[199],Comedy
2965,Bad Company,United States,Action comedy[200],Comedy
2966,The Banger Sisters,United States,Comedy-drama[201],Comedy
2967,Barbershop,United States,[202],Comedy
2968,Bend It Like Beckham,United Kingdom,Comedy-drama[203],Comedy
2969,Big Fat Liar,United States,[204],Comedy
2970,Big Trouble,United States,[205],Comedy
2971,Le Boulet,"France
United Kingdom",[206],Comedy
2972,Bubba Ho-tep,United States,[207],Comedy
2973,Brown Sugar,United States,[208],Comedy
2974,Cabin Fever,United States,Horror comedy[209],Comedy
2975,Cherish,United States,[210],Comedy
2976,Chinese Odyssey 2002,Hong Kong,[211],Comedy
2977,Comedian,United States,[212],Comedy
2978,Confessions of a Dangerous Mind,United States,Comedy-drama[213],Comedy
2979,The Country Bears,United States,Family-oriented comedy[214],Comedy
2980,Crackerjack,Australia,[215],Comedy
2981,Crossroads,United States,Comedy-drama[216],Comedy
2982,The Cuckoo,Russia,Comedy-drama[217],Comedy
2983,Day of the Wacko,Poland,[218],Comedy
2984,Death to Smoochy,United States,[219],Comedy
2985,Dirty Deeds,Australia,Crime comedy[220],Comedy
2986,Divine Secrets of the Ya-Ya Sisterhood,United States,Comedy-drama[221],Comedy
2987,Divine Intervention,"France
Germany
Morocco",Comedy-drama[222],Comedy
2988,Eight Crazy Nights,United States,[223],Comedy
2989,Eight Legged Freaks,United States,Horror comedy[224],Comedy
2990,Filantropica,"France
Romania",[225],Comedy
2991,Friday After Next,United States,[226],Comedy
2992,FUBAR,United States,[227],Comedy
2993,The Good Girl,United States,Comedy drama[228],Comedy
2994,He Loves Me... He Loves Me Not,France,Comedy-drama[229],Comedy
2995,Hey Arnold!: The Movie,United States,[230],Comedy
2996,Hollywood Ending,United States,[231],Comedy
2997,The Hot Chick,United States,[232],Comedy
2998,I Spy,United States,[233],Comedy
2999,Igby Goes Down,United States,[234],Comedy
3001,2003,,,Comedy
3002,Alex & Emma,United States,[280],Comedy
3003,American Splendor,United States,Comedy-drama[281],Comedy
3004,American Wedding,United States,[282],Comedy
3005,Anger Management,United States,[283],Comedy
3006,Anything Else,United States,[284],Comedy
3007,Bad Boys II,United States,"Action comedy, police comedy[285]",Comedy
3008,Bad Santa,United States,[286],Comedy
3009,The Barbarian Invasions,"Canada
France",[287],Comedy
3010,Beethoven's 5th,United States,[288],Comedy
3011,Big Fish,United States,[289],Comedy
3012,Bright Young Things,United Kingdom,Comedy-drama[290],Comedy
3013,Bringing Down the House,United States,[291],Comedy
3014,Bruce Almighty,United States,[292],Comedy
3015,Bulletproof Monk,United States,Action comedy[293],Comedy
3016,Calendar Girls,United Kingdom,[294],Comedy
3017,The Cat in the Hat,United States,Family-oriented comedy[295],Comedy
3018,Charlie's Angels: Full Throttle,United States,Action-Comedy[296],Comedy
3019,Cheaper by the Dozen,United States,[297],Comedy
3020,Coffee and Cigarettes,United States,[298],Comedy
3021,Daddy Day Care,United States,[299],Comedy
3022,Death of a Dynasty,United States,[300],Comedy
3023,Deliver Us from Eva,United States,[301],Comedy
3024,Dickie Roberts: Former Child Star,United States,[302],Comedy
3025,Down with Love,United States,[303],Comedy
3026,Dumb and Dumberer: When Harry Met Lloyd,United States,[304],Comedy
3027,Duplex,United States,[305],Comedy
3028,Elf,United States,[306],Comedy
3029,Fear and Trembling,France,Comedy-drama[307],Comedy
3030,Finding Nemo,United States,Adventure comedy[308],Comedy
3031,Freaky Friday,United States,[309],Comedy
3032,From Justin to Kelly,United States,Romantic comedy[310],Comedy
3033,George of the Jungle 2,United States,[311],Comedy
3034,Gigli,United States,[312],Comedy
3035,Good Boy!,United States,[313],Comedy
3036,Gozu,Japan,Horror comedy[314],Comedy
3037,The Green Butchers,Denmark,[315],Comedy
3038,A Guy Thing,United States,[316],Comedy
3039,G-SALE,United States,[317],Comedy
3040,Harvie Krumpet,Australia,Comedy-drama[318],Comedy
3041,The Haunted Mansion,United States,Family-oriented comedy[319],Comedy
3042,Head of State,United States,[320],Comedy
3043,Hollywood Homicide,United States,[321],Comedy
3044,How to Lose a Guy in 10 Days,United States,[322],Comedy
3045,Intermission,Ireland,Comedy-drama[323],Comedy
3046,Intolerable Cruelty,United States,[324],Comedy
3047,Johnny English,"United Kingdom
United States",[325],Comedy
3048,Just Married,United States,[326],Comedy
3049,Kitchen Stories,"Norway
Sweden",[327],Comedy
3051,2004,,,Comedy
3052,13 Going on 30,United States,[363],Comedy
3053,50 First Dates,United States,[364],Comedy
3054,Adam & Paul,Ireland,[365],Comedy
3055,After the Sunset,United States,Criminal comedy[366],Comedy
3056,Along Came Polly,United States,[367],Comedy
3057,Anchorman: The Legend of Ron Burgundy,United States,[368],Comedy
3058,Around the World in 80 Days,United States,Adventure comedy[369],Comedy
3059,Barbershop 2: Back in Business,United States,[370],Comedy
3060,The Big Bounce,United States,[371],Comedy
3061,Bridget Jones: The Edge of Reason,"United Kingdom
United States",[372],Comedy
3062,The Calamari Wrestler,Japan,[373],Comedy
3063,Choking Hazard,Czech Republic,[374],Comedy
3064,Christmas in Love,Italy,[375],Comedy
3065,Christmas with the Kranks,United States,[376],Comedy
3066,Citizen Dog,Thailand,Romantic comedy[377],Comedy
3067,Club Dread,United States,[378],Comedy
3068,Connie and Carla,United States,[379],Comedy
3069,The Cookout,United States,[380],Comedy
3070,Crimen Ferpecto,"Italy
Spain",Comedy-drama[381],Comedy
3071,Cutie Honey,Japan,Science fiction comedy[382],Comedy
3072,Dead & Breakfast,United States,[383],Comedy
3073,D.E.B.S.,United States,[384],Comedy
3074,A Dirty Shame,United States,[385],Comedy
3075,DodgeBall: A True Underdog Story,United States,[386],Comedy
3076,Ella Enchanted,"United States
Ireland
United Kingdom",Fantasy romantic comedy,Comedy
3077,Envy,United States,[387],Comedy
3078,Eulogy,United States,[388],Comedy
3079,EuroTrip,United States,[389],Comedy
3080,Fat Albert,United States,[390],Comedy
3081,First Daughter,United States,[391],Comedy
3082,Garden State,United States,[392],Comedy
3083,Garfield: The Movie,United States,[393],Comedy
3084,The Girl Next Door,United States,Comedy-drama[394],Comedy
3085,Hair High,United States,[395],Comedy
3086,Happily Ever After,France,Comedy-drama[396],Comedy
3087,Harold & Kumar Go to White Castle,United States,[397],Comedy
3088,Home on the Range,United States,Comedy western[398],Comedy
3089,I Heart Huckabees,United States,[399],Comedy
3090,Imaginary Heroes,United States,[400],Comedy
3091,In Good Company,United States,Comedy-drama[401],Comedy
3092,Incident at Loch Ness,United States,[402],Comedy
3093,Inconscientes,Spain,[403],Comedy
3094,Inside I'm Dancing,"United Kingdom
United States
Ireland",[404],Comedy
3095,It's All Gone Pete Tong,"Canada
United Kingdom",[405],Comedy
3096,Jersey Girl,United States,Comedy-drama[406],Comedy
3097,Johnson Family Vacation,United States,[407],Comedy
3098,Kamikaze Girls,Japan,[408],Comedy
3099,Kings and Queen,France,Comedy-drama[409],Comedy
3101,The 40-Year-Old Virgin,United States,[461],Comedy
3102,Adam & Steve,United States,[462],Comedy
3103,Adam's Apples,Denmark,[463],Comedy
3104,American Pie Presents: Band Camp,United States,[464],Comedy
3105,Are We There Yet?,United States,[465],Comedy
3106,The Aristocrats,United States,[466],Comedy
3107,The Art of Seduction,South Korea,[467],Comedy
3108,Bad News Bears,United States,[468],Comedy
3109,The Baxter,United States,[469],Comedy
3110,Beauty Shop,United States,[470],Comedy
3111,Bewitched,United States,[471],Comedy
3112,The Big White,"Canada
New Zealand",[472],Comedy
3113,Boy Eats Girl,Ireland,Horror comedy[473],Comedy
3114,Breakfast on Pluto,"Ireland
United Kingdom",Comedy-drama[474],Comedy
3115,Cheaper by the Dozen 2,United States,[475],Comedy
3116,Chicken Little,United States,Family-oriented comedy[476],Comedy
3117,The Chumscrubber,United States,Comedy-drama[477],Comedy
3118,A Cock and Bull Story,United Kingdom,[478],Comedy
3119,Colour Me Kubrick,"France
United Kingdom",[479],Comedy
3120,The Comedians of Comedy,United States,[480],Comedy
3121,Corpse Bride,"United Kingdom
United States","Fantasy-comedy, romantic comedy[481]",Comedy
3122,Le Couperet,"Belgium
France
Spain",[482],Comedy
3123,Dark Horse,"Denmark
Iceland",Comedy-drama[483],Comedy
3124,Dave Chappelle's Block Party,United States,[484],Comedy
3125,Deuce Bigalow: European Gigolo,United States,[485],Comedy
3126,Diary of a Mad Black Woman,United States,Comedy-drama[486],Comedy
3127,Dirty Deeds,United States,[487],Comedy
3128,The Dukes of Hazzard,United States,[488],Comedy
3129,Everything Is Illuminated,United States,Comedy-drama[489],Comedy
3130,Evil Aliens,United Kingdom,"Horror comedy, slapstick[490]",Comedy
3131,Fever Pitch,United States,[491],Comedy
3132,Fun with Dick and Jane,United States,[492],Comedy
3133,The Girl from Monday,United States,[493],Comedy
3134,Guess Who,United States,[494],Comedy
3135,Herbie: Fully Loaded,United States,[495],Comedy
3136,Hitch,United States,[496],Comedy
3137,The Hitchhiker's Guide to the Galaxy,"United Kingdom
United States",[497],Comedy
3138,The Honeymooners,United States,[498],Comedy
3139,How Much Do You Love Me?,"France
Italy",[499],Comedy
3140,I Am a Sex Addict,United States,[500],Comedy
3141,The Ice Harvest,United States,Comedy-drama[501],Comedy
3142,In Her Shoes,United States,Comedy-drama[502],Comedy
3143,In the Mix,United States,[503],Comedy
3144,Junebug,United States,Comedy-drama[504],Comedy
3145,Just Friends,United States,[505],Comedy
3146,Just like Heaven,United States,"Fantasy-comedy, romantic comedy[506]",Comedy
3147,Kicking & Screaming,United States,[507],Comedy
3148,King and the Clown,South Korea,Comedy-drama[508],Comedy
3149,King's Ransom,United States,[509],Comedy
3151,10 Items or Less,United States,Comedy drama[559],Comedy
3152,12:08 East of Bucharest,Romania,[560],Comedy
3153,Aachi & Ssipak,South Korea,[561],Comedy
3154,Accepted,United States,[562],Comedy
3155,American Dreamz,United States,[563],Comedy
3156,The Ant Bully,United States,[564],Comedy
3157,Art School Confidential,United States,[565],Comedy
3158,Avenue Montaigne,France,[566],Comedy
3159,Bandidas,"France
Mexico
United States",[567],Comedy
3160,Barnyard,United States,[568],Comedy
3161,Beerfest,United States,[569],Comedy
3162,Behind the Mask: The Rise of Leslie Vernon,United States,Horror comedy[570],Comedy
3163,The Boss of It All,"Denmark
France
Italy
Sweden",[571],Comedy
3164,The Benchwarmers,United States,[572],Comedy
3165,Big Momma's House 2,United States,[573],Comedy
3166,Black Sheep,New Zealand,Horror comedy[574],Comedy
3167,Borat,United States,[575],Comedy
3168,The Bothersome Man,Norway,"Fantasy comedy, horror comedy[576]",Comedy
3169,The Break-Up,United States,"Comedy-drama, romantic comedy[577]",Comedy
3170,Les Bronzés 3: Amis pour la vie,France,[578],Comedy
3171,Caffeine,United States,[579],Comedy
3172,Cars,United States,[580],Comedy
3173,Cashback,United Kingdom,[581],Comedy
3174,Clerks II,United States,[582],Comedy
3175,Click,United States,[583],Comedy
3176,Church Ball,United States,[584],Comedy
3177,The Darwin Awards,United States,[585],Comedy
3178,Dasepo Naughty Girls,South Korea,[586],Comedy
3179,Date Movie,United States,[587],Comedy
3180,The Devil Wears Prada,United States,Comedy-drama[588],Comedy
3181,Dikkenek,"France
Belgium",[589],Comedy
3182,Employee of the Month,United States,[590],Comedy
3183,The Family Friend,"Italy
France",Black comedy[591],Comedy
3184,Fido,Canada,[592],Comedy
3185,Find Me Guilty,United States,Comedy-drama[593],Comedy
3186,Flushed Away,"United Kingdom
United States",Family-oriented comedy[594],Comedy
3187,The Foot Fist Way,United States,[595],Comedy
3188,For Your Consideration,United States,[596],Comedy
3189,Friends with Money,"United Kingdom
United States",Comedy-drama[597],Comedy
3190,Garfield: A Tail of Two Kitties,United States,[598],Comedy
3191,Grandma's Boy,United States,[599],Comedy
3192,Happy Feet,"Australia
United States","Adventure comedy, family-oriented comedy[600]",Comedy
3193,The History Boys,"United Kingdom
United States",Comedy-drama[601],Comedy
3194,The Holiday,United States,Comedy-drama[602],Comedy
3195,Hood of Horror,United States,Horror comedy[603],Comedy
3196,Hoodwinked,United States,[604],Comedy
3197,Idiocracy,United States,[605],Comedy
3198,Jackass Number Two,United States,[606],Comedy
3199,John Tucker Must Die,United States,[607],Comedy
3200,Tim Hill,notes,,Comedy
3201,Joe Nussbaum,notes,,Comedy
3202,"Matt Maiellaro, Dave Willis",notes,,Comedy
3203,Steve Carr,notes,,Comedy
3204,Ben Garant,notes,,Comedy
3205,"Simon J. Smith, Steve Hickner",notes,,Comedy
3206,"Josh Gordon, Will Speck",notes,,Comedy
3207,Venkat Prabhu,notes,,Comedy
3208,Susannah Grant,notes,,Comedy
3209,Marcos Siega,notes,,Comedy
3210,Les Mayfield,notes,,Comedy
3211,Tom Brady,notes,,Comedy
3212,Peter Hedges,notes,,Comedy
3213,Wes Anderson,notes,,Comedy
3214,C. B. Harding,notes,,Comedy
3215,Kevin Lima,notes,,Comedy
3216,Jason Friedberg,notes,,Comedy
3217,Tom Shadyac,notes,,Comedy
3218,Adam Shankman,notes,,Comedy
3219,"Peter Farrelly, Bobby Farrelly",notes,,Comedy
3220,Edgar Wright,notes,,Comedy
3221,Dennis Dugan,notes,,Comedy
3222,Jason Reitman,notes,,Comedy
3223,Harvey Glazer,notes,,Comedy
3224,Judd Apatow,notes,,Comedy
3225,Ken Kwapis,notes,,Comedy
3226,Bernie Goldmann,notes,,Comedy
3227,Stephen Anderson,notes,,Comedy
3228,Steve Bendelack,notes,,Comedy
3229,Zach Helm,notes,,Comedy
3230,Craig Gillespie,notes,,Comedy
3231,Scott Hicks,notes,,Comedy
3232,Steven Soderbergh,notes,,Comedy
3233,Gore Verbinski,notes,,Comedy
3234,Brad Bird,notes,,Comedy
3235,Robert Ben Garant,notes,,Comedy
3236,Brett Ratner,notes,,Comedy
3237,Chris Miller,notes,,Comedy
3238,David Silverman,notes,,Comedy
3239,Joe Carnahan,notes,,Comedy
3240,Greg Mottola,notes,,Comedy
3241,Craig Mazin,notes,,Comedy
3242,"Ash Brannon, Chris Buck",notes,,Comedy
3243,David Wain,notes,,Comedy
3244,Anna Biller,notes,,Comedy
3245,Adrienne Shelly,notes,,Comedy
3301,,,,Comedy
3315,vte,,,Comedy
3350,Barney's Version,"Canada
Italy",Comedy drama[1],Comedy
3351,Big Tits Zombie,Japan,Comedy horror[2],Comedy
3352,The Bounty Hunter,United States,[3],Comedy
3353,Burke and Hare,United Kingdom,[4],Comedy
3354,Cannonball Wedlock,Japan,Romantic comedy[5],Comedy
3355,Casino Jack,"Canada
United States",[6],Comedy
3356,Cemetery Junction,United Kingdom,Comedy drama[7],Comedy
3357,The Clink of Ice,France,[8],Comedy
3358,Cop Out,United States,[9],Comedy
3359,Cyrano Agency,South Korea,[10],Comedy
3360,Cyrus,United States,Comedy drama[11],Comedy
3361,Date Night,United States,[12],Comedy
3362,Death at a Funeral,United States,[13],Comedy
3363,Despicable Me,United States,[14],Comedy
3364,Diary of a Wimpy Kid,United States,Family-oriented comedy[15],Comedy
3365,Dinner for Schmucks,United States,[16],Comedy
3366,The Drummond Will,United Kingdom,[17],Comedy
3367,Due Date,United States,[18],Comedy
3368,Easy A,United States,[19],Comedy
3369,The Extra Man,United States,[20],Comedy
3370,Flipped,United States,[21],Comedy
3371,Four Lions,United Kingdom,[22],Comedy
3372,Foxy Festival,South Korea,[23],Comedy
3373,FUBAR 2,Canada,[24],Comedy
3374,Gallants,Hong Kong,Action comedy[25],Comedy
3375,Get Him to the Greek,United States,[26],Comedy
3376,Going the Distance,United States,[27],Comedy
3377,Greenberg,United States,Comedy drama[28],Comedy
3378,Griff the Invisible,Australia,Comedy drama[29],Comedy
3379,Grown Ups,United States,[30],Comedy
3380,Gulliver's Travels,United States,[31],Comedy
3381,Gunless,Canada,[32],Comedy
3382,Hahaha,South Korea,[33],Comedy
3383,Happythankyoumoreplease,United States,[34],Comedy
3384,Hatchet II,United States,Horror comedy[35],Comedy
3385,Heartbreaker,France,[36],Comedy
3386,Hello Stranger,Thailand,Romantic comedy[37],Comedy
3387,Here Comes the Bride,Philippines,[38],Comedy
3388,Hesher,United States,Dark Comedy/Drama,Comedy
3389,Hospitalité,Japan,[39],Comedy
3390,Hot Tub Time Machine,United States,[40],Comedy
3391,How Do You Know,United States,[41],Comedy
3392,It's Kind of a Funny Story,United States,[42],Comedy
3393,Jack Goes Boating,United States,Comedy drama[43],Comedy
3394,Jackass 3D,United States,[44],Comedy
3395,Just Call Me Nobody,"Taiwan
China",[45],Comedy
3396,Just Wright,United States,Romantic comedy[46],Comedy
3397,Kaboom,United States,[47],Comedy
3398,The Kids Are All Right,"France
United States",Comedy drama[48],Comedy
3399,Kill Me Please,Belgium,[49],Comedy
3400,30 Minutes or Less,United States,[109],Comedy
3401,The 33D Invader,Hong Kong,[110],Comedy
3402,50/50,United States,[111],Comedy
3403,Arthur,United States,[112],Comedy
3404,"Les aventures de Philibert, Capitaine Puceau",France,,Comedy
3405,Bad Teacher,United States,[113],Comedy
3406,Bernie,United States,[114],Comedy
3407,Beach Spike,Hong Kong,[115],Comedy
3408,Beginners,United States,Comedy drama[116],Comedy
3409,"Big Mommas: Like Father, Like Son",United States,[117],Comedy
3410,The Big Year,United States,[118],Comedy
3411,Vito Trabucco,[119],,Comedy
3412,Bridesmaids,United States,[120],Comedy
3413,Blubberella',Germany,[121],Comedy
3414,Bucky Larson: Born to Be a Star,United States,[122],Comedy
3415,Carnage,"France
Germany
Poland
Spain
United States",[123],Comedy
3416,Cars 2,United States,Family-oriented comedy[124],Comedy
3417,Cedar Rapids,United States,[125],Comedy
3418,The Change-Up,United States,[126],Comedy
3419,Couples,South Korea,[127],Comedy
3420,"Crazy, Stupid, Love.",United States,[128],Comedy
3421,Deadball,Japan,[129],Comedy
3422,Delhi Belly,India,[130],Comedy
3423,The Descendants,United States,Comedy drama[131],Comedy
3424,Don't Go Breaking My Heart,"Hong Kong
China",[132],Comedy
3425,The Dilemma,United States,[133],Comedy
3426,Dylan Dog: Dead of Night,United States,Horror comedy[134],Comedy
3427,Flypaper,United States,[135],Comedy
3428,Friends with Benefits,United States,[136],Comedy
3429,Fright Night,United States,Comedy horror[137],Comedy
3430,From Prada to Nada,"Mexico
United States",[138],Comedy
3431,Gnomeo & Juliet,United Kingdom,[139],Comedy
3432,God Bless America (film),United States,Black Comedy[140],Comedy
3433,A Good Old Fashioned Orgy,United States,[141],Comedy
3434,The Green Hornet,United States,[142],Comedy
3435,Goon (film),Canada,[143],Comedy
3436,The Guard,Ireland,[144],Comedy
3437,Hall Pass,United States,[145],Comedy
3438,The Hangover Part II,United States,[146],Comedy
3439,Le Havre,"France
Germany
Finland",[147],Comedy
3440,Hoodwinked Too! Hood vs. Evil,United States,[148],Comedy
3441,Horrible Bosses,United States,[149],Comedy
3442,The Inbetweeners Movie,United Kingdom,[150],Comedy
3443,Jack and Jill,United States,[151],Comedy
3444,Johnny English Reborn,United Kingdom,[152],Comedy
3445,Jumping the Broom,"Canada
United States",[153],Comedy
3446,Just Go With It,United States,[154],Comedy
3447,Kung Fu Panda 2,United States,Family-oriented comedy[155],Comedy
3448,Larry Crowne,United States,Comedy drama[156],Comedy
3449,Love in Space,"Hong Kong
China
United States",[157],Comedy
3450,8 Reels of Sewage,United States,Action comedy[192],Comedy
3451,21 Jump Street,United States,[193],Comedy
3452,100 Bloody Acres,Australia,Horror comedy[194],Comedy
3453,Ah Boys to Men,"Singapore
Malaysia",[195],Comedy
3454,All About My Wife,South Korea,Romantic comedy[196],Comedy
3455,"All's Well, Ends Well 2012","Hong Kong
China",[197],Comedy
3456,American Reunion,United States,[198],Comedy
3457,L'amour dure trois ans,France,[199],Comedy
3458,The Angels' Share,"Belgium
France
United Kingdom
Italy",Comedy drama[200],Comedy
3459,Any Questions for Ben?,Australia,[201],Comedy
3460,Behind the Camera: Why Mr. E Went to Hollywood,South Korea,[202],Comedy
3461,Benvenuti al Nord,Italy,[203],Comedy
3462,The Campaign,United States,[204],Comedy
3463,Capturing Dad,Japan,[205],Comedy
3464,Casa de Mi Padre,United States,[206],Comedy
3465,Chips,Japan,[207],Comedy
3466,Cocktail,India,Romantic comedy[208],Comedy
3467,CZ12,"Hong Kong
China",[209],Comedy
3468,Dark Shadows,United States,Horror comedy[210],Comedy
3469,Dead Before Dawn,Canada,Horror comedy[211],Comedy
3470,The Dictator,United States,[212],Comedy
3471,Due West: Our Sex Journey,Hong Kong,[213],Comedy
3472,The Fierce Wife,Taiwan,[214],Comedy
3473,The Five-Year Engagement,United States,[215],Comedy
3474,Frankenweenie,United States,"Family-oriented comedy, fantasy comedy[216]",Comedy
3475,Ghost Day,Thailand,Horror comedy[217],Comedy
3476,Grabbers,Ireland,Horror comedy[218],Comedy
3477,Hellbenders| J. T. Petty,Horror comedy[219],,Comedy
3478,Hollywood a GoGo,United States,Action comedy[192],Comedy
3479,The Great Magician,"Hong Kong
China",[220],Comedy
3480,HOUBA! On the Trail of the Marsupilami,"Belgium
France",,Comedy
3481,Immaturi - Il viaggio,Italy,[221],Comedy
3482,Iron Sky,"Australia
Germany
Finland",[222],Comedy
3483,"Istanbul, Here I Come!",Malaysia,Romantic comedy[223],Comedy
3484,It's Such a Beautiful Day,United States,Comedy drama[224],Comedy
3485,"Jeff, Who Lives at Home",United States,[225],Comedy
3486,Joyful Noise,United States,[226],Comedy
3487,The Kirishima Thing,Japan,high school comedy-drama[227][228],Comedy
3488,Lost in Thailand,China,[229],Comedy
3489,Love in the Buff,"Hong Kong
China",[230],Comedy
3490,Madagascar 3: Europe's Most Wanted,United States,Family-oriented comedy[231],Comedy
3491,Magic Mike,United States,Comedy drama[232],Comedy
3492,Men in Black 3,United States,[233],Comedy
3493,Mirror Mirror,United States,Fantasy comedy[234],Comedy
3494,Moonrise Kingdom,United States,[235],Comedy
3495,My Sassy Hubby,Hong Kong,[236],Comedy
3496,One for the Money,United States,[237],Comedy
3497,Paranorman,United States,Horror comedy[238],Comedy
3498,The Pirates! In an Adventure with Scientists,United Kingdom,Family-oriented comedy[239],Comedy
3499,The Players,France,[240],Comedy
3500,20 ans d'écarte,France,[261],Comedy
3501,21 and Over,United States,[262],Comedy
3502,21 Ways to Ruin a Marriage,Finland,[263],Comedy
3503,30 Nights of Paranormal Activity with the Devil Inside the Girl with the Dragon Tattoo,United States,[264],Comedy
3504,A Haunted House,United States,[265],Comedy
3505,About Time,United Kingdom,[266],Comedy
3506,Alan Partridge: Alpha Papa,United Kingdom,[267],Comedy
3507,Anchorman 2: The Legend Continues,United States,[268],Comedy
3508,Austenland,"United Kingdom
United States",[269],Comedy
3509,Better and Better,China,[270],Comedy
3510,Clear History,United States,[271],Comedy
3511,Computer Chess,United States,[272],Comedy
3512,The Croods,United States,Family-oriented comedy[273],Comedy
3513,David Loman,Taiwan,[274],Comedy
3514,Despicable Me 2,United States,Family-oriented comedy[275],Comedy
3515,Don Jon,United States,[276],Comedy
3516,Drinking Buddies,United States,Comedy drama[277],Comedy
3517,Enough Said,United States,Comedy drama[278],Comedy
3518,Escape from Planet Earth,United States,[279],Comedy
3519,Fasten Your Seatbelt,South Korea,[280],Comedy
3520,Finding Mr. Right,"China
Hong Kong",Romantic comedy[281],Comedy
3521,Forever Love,"China
Hong Kong",Romantic comedy[282],Comedy
3522,Grown Ups 2,United States,[283],Comedy
3523,The Heat,United States,[284],Comedy
3524,How to Use Guys with Secret Tips,South Korea,Romantic comedy[285],Comedy
3525,I Give It a Year,United Kingdom,[286],Comedy
3526,Identity Thief,United States,[287],Comedy
3527,I'm So Excited,Spain,[288],Comedy
3528,In a World...,United States,[289],Comedy
3529,The Incredible Burt Wonderstone,United States,[290],Comedy
3530,The Internship,United States,[291],Comedy
3531,Jackass Presents: Bad Grandpa,United States,[292],Comedy
3532,Journey to the West: Conquering the Demons,"China
Hong Kong",[293],Comedy
3533,The Kings of Summer,United States,[294],Comedy
3534,Love Deposit,China,Romantic comedy[295],Comedy
3535,Monsters University,United States,"Family-oriented comedy, fantasy-comedy[296]",Comedy
3536,Movie 43,United States,[297],Comedy
3537,Mr. Go,"South Korea
China",[298],Comedy
3538,Nobody's Daughter Haewon,South Korea,[299],Comedy
3539,Pain & Gain,United States,Action comedy[300],Comedy
3540,Paulette,France,[301],Comedy
3541,Pazze di me,Italy,[302],Comedy
3542,Prince Avalanche,United States,[303],Comedy
3543,R.I.P.D.,United States,Action comedy[304],Comedy
3544,Say Yes!,"China
Japan",Romantic comedy[305],Comedy
3545,Scary Movie 5,United States,[306],Comedy
3546,Shuddh Desi Romance,India,Romantic comedy[307],Comedy
3547,Thillu Mullu,India,,Comedy
3548,This is the End,United States,[308],Comedy
3549,Tiny Times,"China
Taiwan",Romantic comedy[309],Comedy
3550,22 Jump Street,United States,[322],Comedy
3551,About Last Night,United States,[323],Comedy
3552,Army of Frankensteins,United States,Horror comedy[324],Comedy
3553,The Biggest Toad in the Puddle,China,[325],Comedy
3554,Birdman,United States,[326],Comedy
3555,Un Boss in salotto,Italy,[327],Comedy
3556,A coup sûr,France,[328],Comedy
3557,Chef,United States,[329],Comedy
3558,Date and Switch,United States,[330],Comedy
3559,Dead Snow: Red vs. Dead,Norway,[331],Comedy
3560,Ex Fighting,China,[332],Comedy
3561,Les gazelles,France,[333],Comedy
3562,The Grand Budapest Hotel,"Germany
United Kingdom
United States",[334],Comedy
3563,A Haunted House 2,United States,[335],Comedy
3564,Hot Young Bloods,South Korea,[336],Comedy
3565,How to Fight in Six Inch Heels,"Vietnam
United States",[337],Comedy
3566,The Hungover Games,United States,[338],Comedy
3567,Judge!,Japan,[339],Comedy
3568,The Lego Movie,"United States
Denmark
Australia",Family-oriented comedy[340],Comedy
3569,Li'l Quinquin,France,[341],Comedy
3570,Love on the Cloud,China,Romantic comedy[342],Comedy
3571,McDull: Me & My Mum,"China
Hong Kong",Animated family comedy[343][344],Comedy
3572,The Midnight After,Hong Kong,[345],Comedy
3573,A Million Ways to Die in the West,United States,[346],Comedy
3574,Mission Impossible: Samurai,Japan,Jidaigeki[347],Comedy
3575,Mr. Peabody & Sherman,United States,[348],Comedy
3576,Muppets Most Wanted,United States,[349],Comedy
3577,My Hawaiian Discovery,"Japan
United States",[350],Comedy
3578,My Old Classmate,China,[351],Comedy
3579,Neighbors,United States,[352],Comedy
3580,The Nut Job,"Canada
South Korea",Family-oriented comedy[353][354],Comedy
3581,Obvious Child,United States,[355],Comedy
3582,Old Boys: The Way of the Dragon,"Hong Kong
China",[356],Comedy
3583,The Other Woman,United States,[357],Comedy
3584,The Plan Man,South Korea,[358],Comedy
3585,Ride Along,United States,[359],Comedy
3586,Rio 2,United States,[360],Comedy
3587,Santa Barbara,South Korea,[361],Comedy
3588,Smetto quando voglio,Italy,[362],Comedy
3589,Stromberg - Der Film,Germany,[363],Comedy
3590,Tammy,United States,[364],Comedy
3591,The Teacher's Diary,Thailand,[365],Comedy
3592,Temporary Family,Hong Kong,[366],Comedy
3593,That Awkward Moment,United States,[367],Comedy
3594,Tiny Times 3,China,[368],Comedy
3595,Town of the Dragon,China,[369],Comedy
3596,Trailer Park Boys: Don't Legalize It,Canada,[370],Comedy
3597,"Les Trois Frères, le retour",France,[371],Comedy
3598,The Truth About Beauty,"Hong Kong
China",[372],Comedy
3599,Virados do Avesso,Portugal,[373],Comedy
3600,12 Golden Ducks,Hong Kong,[377],Comedy
3601,20 Once Again,"China
South Korea
Hong Kong
Taiwan",[378],Comedy
3602,Accidental Love,"United Kingdom
United States",[379],Comedy
3603,American Ultra,United States,[380],Comedy
3604,April Fools,Japan,Comedy drama suspense[381],Comedy
3605,Banglaman,Malaysia,[382],Comedy
3606,The Big Short,United States,Comedy drama[383],Comedy
3607,Chateau de la Reine,Japan,[384],Comedy
3608,Chigasaki Story,Japan,[385],Comedy
3609,Crazy New Year's Eve,"China
Hong Kong",[386],Comedy
3610,Deathgasm,New Zealand,Horror comedy[387],Comedy
3611,The Duff,United States,[388],Comedy
3612,Entourage,United States,[389],Comedy
3613,The Final Girls',United States,Comedy horror[390],Comedy
3614,Focus,United States,Comedy drama[391],Comedy
3615,Get Hard,United States,[392],Comedy
3616,The Grow 2,China,Animated adventure comedy[393],Comedy
3617,Haruko's Paranormal Laboratory,Japan,[394],Comedy
3618,Home,United States,[395],Comedy
3619,Home Sweet Hell,United States,[396],Comedy
3620,Hot Pursuit,United States,[397],Comedy
3621,Hot Tub Time Machine 2,United States,[398],Comedy
3622,Inside Out,United States,Satirical fantasy comedy drama[399],Comedy
3623,Italiano medio,Italy,[400],Comedy
3624,Kung Fury,Sweden,Action comedy short film,Comedy
3625,Lavalantula,United States,Television film[401],Comedy
3626,Mortdecai,United States,Action comedy [402],Comedy
3627,Paul Blart: Mall Cop 2,United States,[403],Comedy
3628,Pitch Perfect 2,United States,[404],Comedy
3629,Pixels,United States,[405],Comedy
3630,Results,United States,[406],Comedy
3631,"S for Sex, S for Secret",Hong Kong,[407],Comedy
3632,Saving Christmas,United States,Faith-based Christmas comedy[408],Comedy
3633,The Second Best Exotic Marigold Hotel,United States,Comedy drama[409],Comedy
3634,Shaun the Sheep Movie,United Kingdom,[410],Comedy
3635,The SpongeBob Movie: Sponge Out of Water,United States,[411],Comedy
3636,Spy,United States,[412],Comedy
3637,The Sweet Escape,France,[413],Comedy
3638,The Tale of Nishino,Japan,[414],Comedy
3639,Tales of Halloween,United States,Comedy horror[415],Comedy
3640,Twenty,South Korea,[416],Comedy
3641,Unforgettable Blast,China,[417],Comedy
3642,The Wedding Ringer,United States,[418],Comedy
3643,Z Island,Japan,Action comedy horror[419],Comedy
3650,Amateur Night,United States,Comedy drama,Comedy
3651,The Angry Birds Movie,"United States
Finland",[420],Comedy
3652,Boo! A Madea Halloween,United States,[421],Comedy
3653,Central Intelligence,United States,Action Comedy[422],Comedy
3654,Deadpool,United States,[423],Comedy
3655,Dirty Grandpa,United States,[424],Comedy
3656,Don't Kill It,United States,Horror comedy[425],Comedy
3657,Fifty Shades of Black,United States,[426],Comedy
3658,Finding Dory,United States,[427],Comedy
3659,"Hail, Caesar!",United States,[428],Comedy
3660,Ghostbusters,United States,[429],Comedy
3661,Grimsby,United Kingdom,[430],Comedy
3662,Kapoor & Sons,India,Romantic comedy drama[431],Comedy
3663,Keeping Up with the Joneses,United States,Action Comedy[432],Comedy
3664,Kung Fu Panda 3,"United States
China",Animated Action-Adventure Comedy[433],Comedy
3665,Mike and Dave Need Wedding Dates,United States,[434],Comedy
3666,Norm of the North,United States,Animated Comedy[435],Comedy
3667,Quo Vado?,Italy,[436],Comedy
3668,Ride Along 2,United States,Action Comedy[437],Comedy
3669,Sausage Party,"United States
Canada",Animated film[438],Comedy
3670,The Secret Life of Pets,United States,Animated Buddy Comedy[439],Comedy
3671,Trolls,United States,[440],Comedy
3672,Velainu Vandhutta Vellaikaaran,India,,Comedy
3673,What a Wonderful Family!,Japan,[441],Comedy
3674,Zootopia,United States,Animated film[442],Comedy
3700,Baby Driver,"United Kingdom
United States",[443],Comedy
3701,The Babysitter,United States,Horror comedy[444],Comedy
3702,Baywatch,United States,Action Comedy[445],Comedy
3703,The Boss Baby,United States,Animated Buddy Comedy[446],Comedy
3704,Captain Underpants: The First Epic Movie,United States,Animated superhero action-comedy[447],Comedy
3705,Cars 3,United States,Family-oriented comedy[448],Comedy
3706,CHiPs,United States,Action Buddy Comedy[449],Comedy
3707,Diary of a Wimpy Kid: The Long Haul,United States,Family-oriented comedy[450],Comedy
3708,Ferdinand,United States,Animated Comedy[451],Comedy
3709,How to Be a Latin Lover,United States,[452],Comedy
3710,Kingsman: The Golden Circle,"United Kingdom
United States",[453],Comedy
3711,The Lego Batman Movie,"United States
Denmark
Australia",[454],Comedy
3712,Little Evil,United States,Horror comedy[455],Comedy
3713,Pitch Perfect 3,United States,[456],Comedy
3714,Skin: The Movie,United States,[457],Comedy
3715,Spark,"United States
Canada
South Korea",Animated Science Fantasy Comedy[458],Comedy
3716,Tragedy Girls,United States,Horror comedy[459],Comedy
3717,T2 Trainspotting,United Kingdom,Black comedy drama[460],Comedy
3750,Blockers,United States,[461],Comedy
3751,Book Club,United States,[462],Comedy
3752,Deadpool 2,United States,[463],Comedy
3753,The Death of Stalin,United Kingdom,[464],Comedy
3754,Early Man,United Kingdom,[465],Comedy
3755,Game Night,United States,[466],Comedy
3756,Gringo,United States,[467],Comedy
3757,Hello Mr. Billionaire,China,[468],Comedy
3758,How to Talk to Girls at Parties,United States,[469],Comedy
3759,I Feel Pretty,United States,[470],Comedy
3760,Isle of Dogs,United States,[471],Comedy
3761,Life of the Party,United States,[472],Comedy
3762,"Love, Simon",United States,Comedy drama[473],Comedy
3763,Monster Family,United States,[474],Comedy
3764,Nekrotronic,Australia,[475],Comedy
3765,Overboard,United States,[476],Comedy
3766,Peter Rabbit,United States,[477],Comedy
3767,The Samuel Project,United States,Comedy drama[478],Comedy
3768,Sherlock Gnomes,"United States
United Kingdom",[479],Comedy
3769,Show Dogs,United States,[480],Comedy
3770,Super Troopers 2,United States,[481],Comedy
3771,Tully,United States,Focus Features,Comedy
3800,The Angry Birds Movie 2,"United States, Finland",Sony Pictures Animation,Comedy
3801,The Lego Movie 2: The Second Part,United States,Warner Animation Group,Comedy
3802,The Upside,United States,STX Entertainment,Comedy
3851,,,,Comedy
3865,vte,,,Comedy
3900,1 Night in San Diego,United States,[1],Comedy
3901,3 Monkeys,India,Comedy-drama[2],Comedy
3902,23 Walks,United Kingdom,Comedy-drama[3],Comedy
3903,Airplane Mode,Brazil,[4],Comedy
3904,Bad Boys for Life,United States,Action comedy[5],Comedy
3905,Bad Trip,United States,[6],Comedy
3906,"Berlin, Berlin",Germany,,Comedy
3907,Bheeshma,India,"Action, rom-com[7]",Comedy
3908,Bill & Ted Face the Music,United States,Sci-fi comedy[8],Comedy
3909,Birds of Prey,United States,"Superhero, crime, comedy[9]",Comedy
3910,Blithe Spirit,United Kingdom,[10],Comedy
3911,Borat Subsequent Moviefilm,United States,Mockumentary comedy[11],Comedy
3912,Chick Fight,United States,Action comedy[12],Comedy
3913,Coastal Elites,United States,[13],Comedy
3914,Cocktail,India,[14],Comedy
3915,Coffee & Kareem,United States,Action comedy[15],Comedy
3916,Coolie No. 1,India,[16],Comedy
3917,Crazy Awesome Teachers,Indonesia,Comedy-drama[17],Comedy
3918,Curveball,Germany,[18],Comedy
3919,Downhill,United States,Dark comedy-drama[19],Comedy
3920,Emma,United Kingdom,Comedy-drama[20],Comedy
3921,Enter the Fat Dragon,China,Martial arts comedy[21],Comedy
3922,Feel the Beat,United States,"Family, comedy, drama[22]",Comedy
3923,Friend of the World,United States,Sci-fi horror comedy[23],Comedy
3924,Guns Akimbo,"New Zealand, United Kingdom, Germany",Action comedy,Comedy
3925,Hubie Halloween,United States,Horror comedy[24],Comedy
3926,Impractical Jokers: The Movie,United States,[25],Comedy
3927,Like a Boss,United States,[26],Comedy
3928,Magic Camp,United States,[27],Comedy
3929,Mighty Oak,United States,Comedy-drama[28],Comedy
3930,My Spy,United States,Action comedy[29],Comedy
3931,Naan Sirithal,India,[30],Comedy
3932,On the Rocks,United States,Comedy-drama[31],Comedy
3933,Over the Moon,"United States, China",Animated family fantasy comedy[32],Comedy
3934,Palm Springs,United States,"Sci-fi, rom-com[33]",Comedy
3935,Players,Myanmar,Comedy-drama[34][35],Comedy
3936,Reboot Camp,United States,Mockumentary[36],Comedy
3937,Sarileru Neekevvaru,India,Action comedy[37],Comedy
3938,Seriously Single,South Africa,[38],Comedy
3939,She Dies Tomorrow,United States,Comedy horror thriller[39],Comedy
3940,Sonic the Hedgehog,United States,"Live-action animated hybrid, action comedy[40]",Comedy
3941,Soul,United States,Animated fantasy comedy,Comedy
3942,Spenser Confidential,United States,"Action, comedy[41]",Comedy
3943,Superintelligence,United States,Action rom-com[42],Comedy
3944,The Croods: A New Age,United States,Animated Comedy[43],Comedy
3945,The Gentlemen,"United Kingdom, United States","Crime, action, comedy[44]",Comedy
3946,The King of Staten Island,United States,Comedy-drama[45],Comedy
3947,The Kissing Booth 2,United States,Teen rom-com[46],Comedy
3948,The Lovebirds,United States,Rom-com[47],Comedy
3949,The Players,Italy,,Comedy
3950,14 Phere,India,Social comedy-drama[citation needed],Comedy
3951,Aaraattu,India,Action comedy[58],Comedy
3952,Barb and Star Go to Vista Del Mar,United States,[59],Comedy
3953,Bhool Bhulaiyaa 2,India,Comedy horror[60],Comedy
3954,Big Red Envelope,China,Romantic comedy[61],Comedy
3955,Breaking News in Yuba County,United States,Comedy drama[62],Comedy
3956,Clifford the Big Red Dog,United States,"Fantasy, family comedy[63]",Comedy
3957,Coming 2 America,United States,[64],Comedy
3958,Don't Look Up,United States,Political satire disaster[65],Comedy
3959,Flora & Ulysses,United States,Family comedy[66],Comedy
3960,Free Guy,United States,"Sci-fi, action, comedy[67]",Comedy
3961,Ghostbusters: Afterlife,United States,"Supernatural horror, comedy[68]",Comedy
3962,He's All That,United States,Teen romantic comedy[69],Comedy
3963,"Hi, Mom",China,[70],Comedy
3964,Locked Down,United States,"Heist, rom-com[71]",Comedy
3965,Peter Rabbit 2: The Runaway,United States,Live-action animated hybrid comedy[72],Comedy
3966,Princess DayaReese,Philippines,rom-com[73],Comedy
3967,Rang De,India,rom-com[74],Comedy
3968,Red Notice,United States,Action comedy[65],Comedy
3969,Rumble,United States,Animated sports comedy[75],Comedy
3970,Sing 2,United States,Animated jukebox musical comedy[76],Comedy
3971,South Park: Post Covid,United States,Animated comedy TV-movie,Comedy
3972,South Park: Post COVID: The Return of COVID,,,Comedy
3973,Space Jam: A New Legacy,United States,Live-action animated hybrid sports comedy[77],Comedy
3974,The Addams Family 2,United States,Animated supernatural black comedy[78],Comedy
3975,The Boss Baby: Family Business,United States,Animated family comedy[79],Comedy
3976,The Hitman's Wife's Bodyguard,United States,Action comedy[80],Comedy
3977,The King's Man,United States,"Spy, action, comedy[81]",Comedy
3978,The Kissing Booth 3,United States,Teen rom-com[82],Comedy
3979,The Last Mercenary,United States,Action comedy[83],Comedy
3980,The Last Warrior: Root of Evil,Russia,Fantasy comedy[84],Comedy
3981,The Last Warrior 3,Russia,Fantasy comedy[85],Comedy
3982,The Princess Switch 3,United States,"Christmas, rom-com[86]",Comedy
3983,Red Rocket,United States,Dark comedy[87],Comedy
3984,The Starling,United States,Comedy-drama[65],Comedy
3985,Thunder Force,United States,Superhero comedy[83],Comedy
3986,"To All the Boys: Always and Forever, Lara Jean",United States,Teen rom-com[83],Comedy
3987,Tom and Jerry,United States,Live-action animated hybrid comedy[88],Comedy
3988,Yes Day,United States,Family comedy[83],Comedy
3989,Werewolves Within,United States,Horror comedy[89],Comedy
3990,Zombie Reddy,India,Zombie comedy[90],Comedy
4000,13: The Musical,United States,Musical comedy[91],Comedy
4001,A Man Called Otto,United States,Comedy drama[92],Comedy
4002,About Fate,United States,Romantic comedy[93],Comedy
4003,Amsterdam,United States,Period mystery comedy[94],Comedy
4004,Another Me,China,[95],Comedy
4005,Anything's Possible,United States,coming-of-age rom-com[96],Comedy
4006,Beavis and Butt-Head Do the Universe,United States,Animated sci-fi comedy,Comedy
4007,Bhediya,India,Comedy horror[97],Comedy
4008,Bob's Burgers: The Movie,United States,Animated musical comedy[98],Comedy
4009,Bros,United States,Romantic comedy[99],Comedy
4010,Cheaper by the Dozen,United States,Family comedy[100],Comedy
4011,Chip 'n Dale: Rescue Rangers,United States,"Hybrid animation, adventure, comedy[101]",Comedy
4012,DC League of Super-Pets,United States,Animated superhero comedy[102],Comedy
4013,Disenchanted,United States,"Musical fantasy, rom-com[103]",Comedy
4014,Do Revenge,United States,Dark comedy[104],Comedy
4015,Dog,United States,[105],Comedy
4016,Easter Sunday,United States,[106],Comedy
4017,Everything Everywhere All at Once,United States,Black comedy[107],Comedy
4018,Hocus Pocus 2,United States,"Dark fantasy, horror, comedy[108]",Comedy
4019,Hotel Transylvania: Transformania,United States,Animated family fantasy comedy[109],Comedy
4020,Jackass Forever,United States,Physical comedy[110],Comedy
4021,KillRoy Was Here,United States,Comedy horror anthology[111],Comedy
4022,Kung Fu Ghost,United States,Action comedy[112],Comedy
4023,Laal Singh Chaddha,India,Comedy drama[113],Comedy
4024,Luck,United States,Animated fantasy comedy[114],Comedy
4025,Marry Me,United States,Rom-com[115],Comedy
4026,Minions: The Rise of Gru,United States,Animated spy comedy[116],Comedy
4027,My Best Friend's Exorcism,United States,Comedy horror[117],Comedy
4028,Paws of Fury: The Legend of Hank,"United States, United Kingdom",Animated comedy[118],Comedy
4029,Puss in Boots: The Last Wish,United States,Animated fantasy comedy[119],Comedy
4030,Rosaline,United States,Romantic comedy[120],Comedy
4031,Secret Headquarters,United States,Superhero comedy[121],Comedy
4032,Sneakerella,United States,Musical comedy[122],Comedy
4033,Sonic the Hedgehog 2,United States,"Hybrid animation, action, adventure, comedy[123]",Comedy
4034,South Park: The Streaming Wars,United States,Animated comedy,Comedy
4035,South Park: The Streaming Wars Part 2,United States,Animated comedy,Comedy
4036,Tall Girl 2,United States,Teen rom-com[124],Comedy
4037,The Bad Guys,United States,Animated heist comedy[125],Comedy
4038,The Man from Toronto,United States,Action comedy[126],Comedy
4039,The Out-Laws,United States,Action comedy[127],Comedy
4040,The Valet,United States,Romantic comedy[128],Comedy
4041,Thor: Love and Thunder,United States,"Superhero, action, comedy, fantasy[129]",Comedy
4042,Ticket to Paradise,United States,Rom-com[130],Comedy
4043,Too Cool to Kill,China,"Action, comedy, thriller[131]",Comedy
4044,Tower of Strength,France,Action comedy[132],Comedy
4045,Wendell & Wild,United States,"Stop-motion animation, dark fantasy, horror, comedy[133]",Comedy
4046,White Noise,United States,Apocalyptic black comedy[134],Comedy
4050,Ant-Man and the Wasp: Quantumania,United States,"Superhero, action, science fantasy, comedy[135]",Comedy
4051,"Are You There God? It's Me, Margaret",United States,"Comedy, drama[136]",Comedy
4052,Beau Is Afraid,United States,Comedy horror[137],Comedy
4053,Distant,United States,Sci-fi dramedy[138],Comedy
4054,Dungeons & Dragons: Honor Among Thieves,United States,"Action adventure, fantasy comedy[139]",Comedy
4055,Ghostbusters: Afterlife 2,United States,Horror comedy[140],Comedy
4056,Guardians of the Galaxy Vol. 3,United States,"Superhero, comedy[141]",Comedy
4057,Migration,United States,Animated comedy[142],Comedy
4058,Next Goal Wins,United States,Sports dramedy[143],Comedy
4059,No Hard Feelings,United States,Comedy[144],Comedy
4060,Red One,United States,"Action adventure, holiday comedy[145]",Comedy
4061,Renfield,United States,Horror comedy[146],Comedy
4062,Shazam! Fury of the Gods,United States,"Superhero, fantasy, family comedy[147]",Comedy
4063,Shotgun Wedding,United States,"Action, rom-com[148]",Comedy
4064,Spider-Man: Across the Spider-Verse,United States,Animated superhero comedy[149],Comedy
4065,Strays,United States,Hybrid animated comedy[150],Comedy
4066,Teenage Mutant Ninja Turtles: Mutant Mayhem,United States,Animated superhero comedy[151],Comedy
4067,The Palace,Sweden,Black comedy[152],Comedy
4068,The Super Mario Bros. Movie,United States,"Animated, action adventure, comedy[153]",Comedy
4069,Trolls 3,United States,Animated musical fantasy comedy[154],Comedy
4100,Deadpool 3,United States,"Superhero, comedy[155]",Comedy
4101,Despicable Me 4,United States,Animated action comedy[142],Comedy
4102,Garfield,United States,Animated comedy[156],Comedy
4103,If,United States,Fantasy comedy[157],Comedy
4104,Kung Fu Panda 4,United States,Animated martial arts comedy[158],Comedy
4105,Sonic the Hedgehog 3,United States,"Hybrid animation, action, adventure, comedy[159]",Comedy
4106,Spider-Man: Beyond the Spider-Verse,United States,Animated superhero comedy[149],Comedy
4107,The Cat in the Hat,United States,"Animated family fantasy, comedy[160]",Comedy
4108,Wicked,United States,Fantasy musical comedy[161],Comedy
4151,Wicked: Part 2,United States,Fantasy musical comedy[161],Comedy
4201,Thing One and Thing Two,United States,"Animated fantasy, family comedy[160]",Comedy
4251,"Oh, the Places You'll Go!",United States,"Animated family fantasy, comedy[160]",Comedy
